{
"type": "FeatureCollection",
"name": "Florida_Panther_Mortality",
"crs": { "type": "name", "properties": { "name": "urn:ogc:def:crs:OGC:1.3:CRS84" } },
"features": [
{"type":"Feature","properties":{"OBJECTID":1,"PANTHERID":"UCFP478","SEX":"Male","AGE":"2.25","LOCATION":"Bonita Beach Road in the median turn lane.  Location was 1.1km (0.69 miles) east of intersection with Bonita Grande Dr.","CAUSE":"Vehicular trauma","YEAR":2024,"Date":"2024-12-26T00:00:00Z","PANTHERID2":null,"MORTID":"MN-01264","AGE_UNITS":"Years","COUNTY":"Lee","last_edited_date":"2025-08-22T19:21:02Z"},"geometry":{"type":"Point","coordinates":[-81.727381873712531,26.331562575979696]}},
{"type":"Feature","properties":{"OBJECTID":2,"PANTHERID":"UCFP479","SEX":"Male","AGE":"1.75","LOCATION":"South shoulder of Immokalee Road, 3.2km east of the junction with Oil Well Grade Road","CAUSE":"Vehicular trauma","YEAR":2025,"Date":"2025-01-10T00:00:00Z","PANTHERID2":null,"MORTID":"MN-01267","AGE_UNITS":"Years","COUNTY":"Collier","last_edited_date":"2025-08-22T19:21:02Z"},"geometry":{"type":"Point","coordinates":[-81.489459272422721,26.366513301691054]}},
{"type":"Feature","properties":{"OBJECTID":3,"PANTHERID":"UCFP480","SEX":"Female","AGE":"10.5","LOCATION":"Found on the side of CR-833 1/4 of a mile south of McDaniel's Ranch Rd","CAUSE":"Vehicular trauma","YEAR":2025,"Date":"2025-02-24T00:00:00Z","PANTHERID2":null,"MORTID":"MN-01268","AGE_UNITS":"Years","COUNTY":"Hendry","last_edited_date":"2025-08-22T19:21:02Z"},"geometry":{"type":"Point","coordinates":[-81.018688803475825,26.378788737388351]}},
{"type":"Feature","properties":{"OBJECTID":4,"PANTHERID":"UCFP481","SEX":"Male","AGE":"1.5","LOCATION":"Median on SR-80 East of intersection with Silk Bay Blvd.","CAUSE":"Vehicular trauma","YEAR":2025,"Date":"2025-03-06T00:00:00Z","PANTHERID2":null,"MORTID":"MN-01269","AGE_UNITS":"Years","COUNTY":"Collier","last_edited_date":"2025-08-22T19:21:02Z"},"geometry":{"type":"Point","coordinates":[-81.572678250707952,26.709330512547279]}},
{"type":"Feature","properties":{"OBJECTID":5,"PANTHERID":"UCFP482","SEX":"Male","AGE":"4.5","LOCATION":"SR29, 2.5km north of the junction with SR82","CAUSE":"Vehicular trauma","YEAR":2025,"Date":"2025-03-10T00:00:00Z","PANTHERID2":null,"MORTID":"MN-01270","AGE_UNITS":"Years","COUNTY":"Collier","last_edited_date":"2025-08-22T19:21:02Z"},"geometry":{"type":"Point","coordinates":[-81.434732373268076,26.508330248928448]}},
{"type":"Feature","properties":{"OBJECTID":6,"PANTHERID":"UCFP483","SEX":"Male","AGE":"4.5","LOCATION":"Brown Grade, south of CR 846","CAUSE":"Intraspecific aggression","YEAR":2025,"Date":"2025-03-28T00:00:00Z","PANTHERID2":null,"MORTID":"MN-01271","AGE_UNITS":"Months","COUNTY":"Hendry","last_edited_date":"2025-08-22T19:21:02Z"},"geometry":{"type":"Point","coordinates":[-81.223226845559381,26.402913861219385]}},
{"type":"Feature","properties":{"OBJECTID":7,"PANTHERID":"UCFP484","SEX":"Male","AGE":"1.25","LOCATION":"SR 29, 1.2 miles south of SR 82","CAUSE":"Vehicular trauma","YEAR":2025,"Date":"2025-05-01T00:00:00Z","PANTHERID2":null,"MORTID":"MN-01272","AGE_UNITS":"Years","COUNTY":"Collier","last_edited_date":"2025-08-22T19:21:02Z"},"geometry":{"type":"Point","coordinates":[-81.434423119868484,26.468774739957553]}},
{"type":"Feature","properties":{"OBJECTID":8,"PANTHERID":"UCFP485","SEX":"Male","AGE":"4.5","LOCATION":"Keri Rd, 3.4 miles east of Wild Cow Grade","CAUSE":"Vehicular trauma","YEAR":2025,"Date":"2025-05-02T00:00:00Z","PANTHERID2":null,"MORTID":"MN-01273","AGE_UNITS":"Years","COUNTY":"Hendry","last_edited_date":"2025-08-22T19:21:02Z"},"geometry":{"type":"Point","coordinates":[-81.25493595707627,26.605204693955624]}},
{"type":"Feature","properties":{"OBJECTID":9,"PANTHERID":"UCFP486","SEX":"Unknown","AGE":"4.5","LOCATION":"Josie Billie Hwy, 0.1 mile east of S Boundary Rd","CAUSE":"Vehicular trauma","YEAR":2025,"Date":"2025-05-04T00:00:00Z","PANTHERID2":null,"MORTID":"MN-01275","AGE_UNITS":"Months","COUNTY":"Hendry","last_edited_date":"2025-08-22T19:21:02Z"},"geometry":{"type":"Point","coordinates":[-80.975036435618605,26.30970360616816]}},
{"type":"Feature","properties":{"OBJECTID":10,"PANTHERID":"UCFP487","SEX":"Female","AGE":"2.5","LOCATION":"SR 29, 0.9 miles south of I-75","CAUSE":"Vehicular trauma","YEAR":2025,"Date":"2025-05-06T00:00:00Z","PANTHERID2":null,"MORTID":"MN-01274","AGE_UNITS":"Years","COUNTY":"Collier","last_edited_date":"2025-08-22T19:21:02Z"},"geometry":{"type":"Point","coordinates":[-81.345037823096021,26.141279227503627]}},
{"type":"Feature","properties":{"OBJECTID":11,"PANTHERID":"UCFP488","SEX":"Male","AGE":"2.5","LOCATION":"I-75, 0.6 miles south of SR 56","CAUSE":"Vehicular trauma","YEAR":2025,"Date":"2025-07-01T00:00:00Z","PANTHERID2":null,"MORTID":"MN-01277","AGE_UNITS":"Years","COUNTY":"Pasco","last_edited_date":"2025-08-22T19:21:02Z"},"geometry":{"type":"Point","coordinates":[-82.387792760961545,28.185507341354405]}},
{"type":"Feature","properties":{"OBJECTID":12,"PANTHERID":"UCFP463","SEX":"Male","AGE":"2","LOCATION":"E of Whidden Loop Rd and Lost Lane on Corkscrew RD. In standing water.","CAUSE":"Vehicular trauma","YEAR":2024,"Date":"2024-07-05T00:00:00Z","PANTHERID2":null,"MORTID":"MN-01246","AGE_UNITS":"Years","COUNTY":"Collier","last_edited_date":"2025-08-22T19:21:02Z"},"geometry":{"type":"Point","coordinates":[-81.552298984347729,26.478841224973362]}},
{"type":"Feature","properties":{"OBJECTID":13,"PANTHERID":"UCFP464","SEX":"Male","AGE":"1","LOCATION":"SR29, 472 m north of where New Market Rd merges with SR29 on North side of Immokalee","CAUSE":"Vehicular trauma","YEAR":2024,"Date":"2024-08-21T00:00:00Z","PANTHERID2":null,"MORTID":"MN-01247","AGE_UNITS":"Years","COUNTY":"Collier","last_edited_date":"2025-08-22T19:21:02Z"},"geometry":{"type":"Point","coordinates":[-81.434010292914081,26.446970644213007]}},
{"type":"Feature","properties":{"OBJECTID":14,"PANTHERID":"FP268","SEX":"Female","AGE":"6.5","LOCATION":"North shoulder of Corkscrew Road, 340m east of Titan Rock Mine entrance.","CAUSE":"Vehicular trauma","YEAR":2024,"Date":"2024-08-24T00:00:00Z","PANTHERID2":null,"MORTID":"MN-01248","AGE_UNITS":"Years","COUNTY":"Lee","last_edited_date":"2025-08-22T19:21:02Z"},"geometry":{"type":"Point","coordinates":[-81.598753412417054,26.450113377671293]}},
{"type":"Feature","properties":{"OBJECTID":15,"PANTHERID":"UCFP465","SEX":"Male","AGE":"2.5","LOCATION":"I-75, mile marker 103. Just west of Santa Barbara overpass, northbound lane.","CAUSE":"Vehicular trauma","YEAR":2024,"Date":"2024-08-29T00:00:00Z","PANTHERID2":null,"MORTID":"MN-01249","AGE_UNITS":"Years","COUNTY":"Collier","last_edited_date":"2025-08-22T19:21:02Z"},"geometry":{"type":"Point","coordinates":[-81.719618032107405,26.164418656371762]}},
{"type":"Feature","properties":{"OBJECTID":16,"PANTHERID":"K524","SEX":"Female","AGE":"32","LOCATION":"OK Slough WMA, Bear scat piles found nearby.","CAUSE":"Predation","YEAR":2024,"Date":"2024-09-03T00:00:00Z","PANTHERID2":null,"MORTID":"MN-01251","AGE_UNITS":"Days","COUNTY":"Hendry","last_edited_date":"2025-08-22T19:21:02Z"},"geometry":{"type":"Point","coordinates":[-81.274840636539338,26.540862544130533]}},
{"type":"Feature","properties":{"OBJECTID":17,"PANTHERID":"K522","SEX":"Male","AGE":"32","LOCATION":"OK Slough WMA; bear scat piles found nearby.","CAUSE":"Predation","YEAR":2024,"Date":"2024-09-03T00:00:00Z","PANTHERID2":null,"MORTID":"MN-01250","AGE_UNITS":"Days","COUNTY":"Hendry","last_edited_date":"2025-08-22T19:21:02Z"},"geometry":{"type":"Point","coordinates":[-81.275012756714446,26.541476192401039]}},
{"type":"Feature","properties":{"OBJECTID":18,"PANTHERID":"UCFP466","SEX":"Female","AGE":"10","LOCATION":"Hit by a vehicle on CR835 between forested hammock surrounded by cropland on the west side of the street and cropland on the east side of the street.","CAUSE":"Vehicular trauma","YEAR":2024,"Date":"2024-09-17T00:00:00Z","PANTHERID2":null,"MORTID":"MN-01253","AGE_UNITS":"Years","COUNTY":"Hendry","last_edited_date":"2025-08-22T19:21:02Z"},"geometry":{"type":"Point","coordinates":[-80.980278682183737,26.4720976799724]}},
{"type":"Feature","properties":{"OBJECTID":19,"PANTHERID":"UCFP467","SEX":"Female","AGE":"6","LOCATION":"Private property","CAUSE":"Unknown","YEAR":2024,"Date":"2024-09-19T00:00:00Z","PANTHERID2":null,"MORTID":"MN-01252","AGE_UNITS":"Years","COUNTY":"Collier","last_edited_date":"2025-08-22T19:21:02Z"},"geometry":{"type":"Point","coordinates":[-81.346932598125946,26.112154209393147]}},
{"type":"Feature","properties":{"OBJECTID":20,"PANTHERID":"FP247","SEX":"Female","AGE":"11","LOCATION":"County Line Road, approximately 6.8km south of CR846.  Carcass was on the west side of the road, hence in Collier County","CAUSE":"Vehicular trauma","YEAR":2024,"Date":"2024-09-21T00:00:00Z","PANTHERID2":null,"MORTID":"MN-01254","AGE_UNITS":"Years","COUNTY":"Collier","last_edited_date":"2025-08-22T19:21:02Z"},"geometry":{"type":"Point","coordinates":[-81.27102500581826,26.36046572269133]}},
{"type":"Feature","properties":{"OBJECTID":21,"PANTHERID":"UCFP468","SEX":"Female","AGE":"4","LOCATION":"Corkscrew Rd, 130 m W of Alico Rd junction. This is right where the fencing ends on the western side for the Alico-Corkscrew panther-crossing structure.","CAUSE":"Vehicular trauma","YEAR":2024,"Date":"2024-10-02T00:00:00Z","PANTHERID2":null,"MORTID":"MN-01255","AGE_UNITS":"Years","COUNTY":"Lee","last_edited_date":"2025-08-22T19:21:02Z"},"geometry":{"type":"Point","coordinates":[-81.705203063810615,26.452950316611851]}},
{"type":"Feature","properties":{"OBJECTID":22,"PANTHERID":"UCFP469","SEX":"Female","AGE":"1.5","LOCATION":"Immokalee Road, 237m south of Wild Turkey Drive on west shoulder of southbound lane.","CAUSE":"Vehicular trauma","YEAR":2024,"Date":"2024-10-27T00:00:00Z","PANTHERID2":null,"MORTID":"MN-01256","AGE_UNITS":"Years","COUNTY":"Collier","last_edited_date":"2025-08-22T19:21:02Z"},"geometry":{"type":"Point","coordinates":[-81.595415980086983,26.350988207510692]}},
{"type":"Feature","properties":{"OBJECTID":23,"PANTHERID":"UCFP471","SEX":"Male","AGE":"9","LOCATION":"Euthanized at TampaZoo on 11/12/24 and transported to Gainesville Lab for necropsy. Immokalee Rd 2.5 miles east of oil well grade Rd.","CAUSE":"Vehicular trauma","YEAR":2024,"Date":"2024-10-30T00:00:00Z","PANTHERID2":null,"MORTID":"MN-01259","AGE_UNITS":"Years","COUNTY":"Collier","last_edited_date":"2025-08-22T19:21:02Z"},"geometry":{"type":"Point","coordinates":[-81.479366366182077,26.366655790751707]}},
{"type":"Feature","properties":{"OBJECTID":24,"PANTHERID":"UCFP470","SEX":"Female","AGE":"2","LOCATION":"Corkscrew Road, 1.1 miles south of SR 82","CAUSE":"Vehicular trauma","YEAR":2024,"Date":"2024-11-08T00:00:00Z","PANTHERID2":null,"MORTID":"MN-01257","AGE_UNITS":"Years","COUNTY":"Collier","last_edited_date":"2025-08-22T19:21:02Z"},"geometry":{"type":"Point","coordinates":[-81.529878274337491,26.494826285678538]}},
{"type":"Feature","properties":{"OBJECTID":25,"PANTHERID":"UCFP472","SEX":"Female","AGE":null,"LOCATION":"I-75, mile marker 119. Between Bonita Beach and Corkscrew exits.","CAUSE":"Vehicular trauma","YEAR":2024,"Date":"2024-11-17T00:00:00Z","PANTHERID2":null,"MORTID":"MN-01258","AGE_UNITS":"Years","COUNTY":"Lee","last_edited_date":"2025-08-22T19:21:02Z"},"geometry":{"type":"Point","coordinates":[-81.771989338893263,26.384139395198194]}},
{"type":"Feature","properties":{"OBJECTID":26,"PANTHERID":"UCFP473","SEX":"Male","AGE":"3.5","LOCATION":"2 miles south of Deep 50 gun range on South Bound SR-29. Laying in grass off to the side of the road. ","CAUSE":"Vehicular trauma","YEAR":2024,"Date":"2024-11-22T00:00:00Z","PANTHERID2":null,"MORTID":"MN-01260","AGE_UNITS":"Years","COUNTY":"Collier","last_edited_date":"2025-08-22T19:21:02Z"},"geometry":{"type":"Point","coordinates":[-81.346086552910563,26.014879479068345]}},
{"type":"Feature","properties":{"OBJECTID":27,"PANTHERID":"K446","SEX":"Male","AGE":"9","LOCATION":"I75, mile marker 62, N bound","CAUSE":"Vehicular trauma","YEAR":2024,"Date":"2024-11-29T00:00:00Z","PANTHERID2":null,"MORTID":"MN-01261","AGE_UNITS":"Years","COUNTY":"Collier","last_edited_date":"2025-08-22T19:21:02Z"},"geometry":{"type":"Point","coordinates":[-81.059362044556934,26.16891361839248]}},
{"type":"Feature","properties":{"OBJECTID":28,"PANTHERID":"UCFP474","SEX":"Male","AGE":"7.5","LOCATION":"Loblolly Bay Rd SW, 1/3 mile west of Fernwood Lane","CAUSE":"Vehicular trauma","YEAR":2024,"Date":"2024-12-04T00:00:00Z","PANTHERID2":null,"MORTID":"MN-01262","AGE_UNITS":"Months","COUNTY":"Glades","last_edited_date":"2025-08-22T19:21:02Z"},"geometry":{"type":"Point","coordinates":[-81.488596326650509,26.827433243569086]}},
{"type":"Feature","properties":{"OBJECTID":29,"PANTHERID":"UCFP475","SEX":"Male","AGE":"3.5","LOCATION":"Johnston Road about 1.6 miles south of SR66","CAUSE":"Vehicular trauma","YEAR":2024,"Date":"2024-12-10T00:00:00Z","PANTHERID2":null,"MORTID":"MN-01265","AGE_UNITS":"Years","COUNTY":"Hardee","last_edited_date":"2025-08-22T19:21:02Z"},"geometry":{"type":"Point","coordinates":[-81.660431651785629,27.435625140101855]}},
{"type":"Feature","properties":{"OBJECTID":30,"PANTHERID":"UCFP476","SEX":"Male","AGE":"2.25","LOCATION":"Old SR8, NW of Venus.  0.8 miles north of Creekview Rd.","CAUSE":"Vehicular trauma","YEAR":2024,"Date":"2024-12-21T00:00:00Z","PANTHERID2":null,"MORTID":"MN-01266","AGE_UNITS":"Years","COUNTY":"Highlands","last_edited_date":"2025-08-22T19:21:02Z"},"geometry":{"type":"Point","coordinates":[-81.382692657803162,27.100429741662154]}},
{"type":"Feature","properties":{"OBJECTID":31,"PANTHERID":"UCFP477","SEX":"Male","AGE":"4","LOCATION":"I75, MM 58, N bound. 120 m west of overpass.","CAUSE":"Vehicular trauma","YEAR":2024,"Date":"2024-12-23T00:00:00Z","PANTHERID2":null,"MORTID":"MN-01263","AGE_UNITS":"Years","COUNTY":"Collier","last_edited_date":"2025-08-22T19:21:02Z"},"geometry":{"type":"Point","coordinates":[-80.993618639969185,26.170361429855337]}},
{"type":"Feature","properties":{"OBJECTID":32,"PANTHERID":"UCFP478","SEX":"Male","AGE":"2.25","LOCATION":"Bonita Beach Road in the median turn lane.  Location was 1.1km (0.69 miles) east of intersection with Bonita Grande Dr.","CAUSE":"Vehicular trauma","YEAR":2024,"Date":"2024-12-26T00:00:00Z","PANTHERID2":null,"MORTID":"MN-01264","AGE_UNITS":"Years","COUNTY":"Lee","last_edited_date":"2025-08-22T19:21:02Z"},"geometry":{"type":"Point","coordinates":[-81.727381873712531,26.331562575979696]}},
{"type":"Feature","properties":{"OBJECTID":33,"PANTHERID":"FP001","SEX":"Male","AGE":"13","LOCATION":"SR 84 (now I-75)","CAUSE":"Vehicular trauma","YEAR":1983,"Date":"1983-12-14T00:00:00Z","PANTHERID2":" ","MORTID":null,"AGE_UNITS":"Years","COUNTY":"Collier","last_edited_date":"2025-08-22T19:21:02Z"},"geometry":{"type":"Point","coordinates":[-81.390018556309087,26.153995476662562]}},
{"type":"Feature","properties":{"OBJECTID":34,"PANTHERID":"FP002","SEX":"Male","AGE":"14","LOCATION":"FSSP","CAUSE":"Intraspecific aggression","YEAR":1984,"Date":"1984-12-05T00:00:00Z","PANTHERID2":" ","MORTID":null,"AGE_UNITS":"Years","COUNTY":"Collier","last_edited_date":"2025-08-22T19:21:02Z"},"geometry":{"type":"Point","coordinates":[-81.381506730577769,25.997453263594441]}},
{"type":"Feature","properties":{"OBJECTID":35,"PANTHERID":"FP003","SEX":"Female","AGE":"9","LOCATION":"FSSP","CAUSE":"Capture related","YEAR":1983,"Date":"1983-01-17T00:00:00Z","PANTHERID2":" ","MORTID":null,"AGE_UNITS":"Years","COUNTY":"Collier","last_edited_date":"2025-08-22T19:21:02Z"},"geometry":{"type":"Point","coordinates":[-81.42841689414989,25.98872563559577]}},
{"type":"Feature","properties":{"OBJECTID":36,"PANTHERID":"FP004","SEX":"Male","AGE":"12","LOCATION":"SR 84 (now I-75)","CAUSE":"Vehicular trauma","YEAR":1985,"Date":"1985-04-18T00:00:00Z","PANTHERID2":" ","MORTID":null,"AGE_UNITS":"Years","COUNTY":"Collier","last_edited_date":"2025-08-22T19:21:02Z"},"geometry":{"type":"Point","coordinates":[-81.400013356774238,26.15388679886177]}},
{"type":"Feature","properties":{"OBJECTID":37,"PANTHERID":"FP005","SEX":"Female","AGE":"8.5","LOCATION":"Fakahatchee Conservation Club (now FPNWR)","CAUSE":"Unknown","YEAR":1983,"Date":"1983-11-18T00:00:00Z","PANTHERID2":" ","MORTID":null,"AGE_UNITS":"Years","COUNTY":"Collier","last_edited_date":"2025-08-22T19:21:02Z"},"geometry":{"type":"Point","coordinates":[-81.355856640686,26.2086313176654]}},
{"type":"Feature","properties":{"OBJECTID":38,"PANTHERID":"FP006","SEX":"Male","AGE":"7","LOCATION":"SBCNP Cypress head 2-3 miles west of airboat  trail off L-28 near camps","CAUSE":"Other","YEAR":1982,"Date":"1982-04-16T00:00:00Z","PANTHERID2":" ","MORTID":null,"AGE_UNITS":"Years","COUNTY":"Collier","last_edited_date":"2025-08-22T19:21:02Z"},"geometry":{"type":"Point","coordinates":[-80.903993504461241,26.103058411144005]}},
{"type":"Feature","properties":{"OBJECTID":39,"PANTHERID":"FP007","SEX":"Male","AGE":"10","LOCATION":"SR 29, 4 miles S of  SR 84 (now I-75)","CAUSE":"Vehicular trauma","YEAR":1985,"Date":"1985-10-26T00:00:00Z","PANTHERID2":" ","MORTID":null,"AGE_UNITS":"Years","COUNTY":"Collier","last_edited_date":"2025-08-22T19:21:02Z"},"geometry":{"type":"Point","coordinates":[-81.344614780769689,26.095969637092264]}},
{"type":"Feature","properties":{"OBJECTID":40,"PANTHERID":"FP010","SEX":"Male","AGE":"18","LOCATION":"Mud Lake Strand, now FPNWR","CAUSE":"Intraspecific aggression","YEAR":1987,"Date":"1987-01-27T00:00:00Z","PANTHERID2":" ","MORTID":null,"AGE_UNITS":"Months","COUNTY":"Collier","last_edited_date":"2025-08-22T19:21:02Z"},"geometry":{"type":"Point","coordinates":[-81.374296553834427,26.249831072391924]}},
{"type":"Feature","properties":{"OBJECTID":41,"PANTHERID":"FP011","SEX":"Female","AGE":"19.5","LOCATION":"Private land, 200yds. S of CR846, 1 mile E of Dupree Rd.","CAUSE":"Intraspecific aggression","YEAR":2001,"Date":"2001-02-27T00:00:00Z","PANTHERID2":" ","MORTID":null,"AGE_UNITS":"Years","COUNTY":"Collier","last_edited_date":"2025-08-22T19:21:02Z"},"geometry":{"type":"Point","coordinates":[-81.336931437252545,26.414212611220186]}},
{"type":"Feature","properties":{"OBJECTID":42,"PANTHERID":"FP012","SEX":"Male","AGE":"13.5","LOCATION":"Bear island","CAUSE":"Intraspecific aggression","YEAR":1994,"Date":"1994-11-09T00:00:00Z","PANTHERID2":" ","MORTID":null,"AGE_UNITS":"Years","COUNTY":"Collier","last_edited_date":"2025-08-22T19:21:02Z"},"geometry":{"type":"Point","coordinates":[-81.140979894740994,26.296877858008795]}},
{"type":"Feature","properties":{"OBJECTID":43,"PANTHERID":"FP013","SEX":"Male","AGE":"7","LOCATION":"SR 29 Sunniland","CAUSE":"Vehicular trauma","YEAR":1987,"Date":"1987-12-14T00:00:00Z","PANTHERID2":" ","MORTID":null,"AGE_UNITS":"Years","COUNTY":"Collier","last_edited_date":"2025-08-22T19:21:02Z"},"geometry":{"type":"Point","coordinates":[-81.342044918700225,26.264024500252507]}},
{"type":"Feature","properties":{"OBJECTID":44,"PANTHERID":"FP014","SEX":"Female","AGE":"10.5","LOCATION":"Everglades National Park","CAUSE":"Unknown","YEAR":1991,"Date":"1991-06-21T00:00:00Z","PANTHERID2":" ","MORTID":null,"AGE_UNITS":"Years","COUNTY":"Miami-Dade","last_edited_date":"2025-08-22T19:21:02Z"},"geometry":{"type":"Point","coordinates":[-80.643959541360545,25.380272015473082]}},
{"type":"Feature","properties":{"OBJECTID":45,"PANTHERID":"FP015","SEX":"Female","AGE":"7","LOCATION":"EVER","CAUSE":"Intraspecific aggression","YEAR":1988,"Date":"1988-06-10T00:00:00Z","PANTHERID2":" ","MORTID":null,"AGE_UNITS":"Years","COUNTY":"Miami-Dade","last_edited_date":"2025-08-22T19:21:02Z"},"geometry":{"type":"Point","coordinates":[-80.72645456089603,25.367814732192176]}},
{"type":"Feature","properties":{"OBJECTID":46,"PANTHERID":"FP016","SEX":"Male","AGE":"14","LOCATION":"EVER, NE boundary","CAUSE":"Unknown","YEAR":2000,"Date":"2000-01-07T00:00:00Z","PANTHERID2":" ","MORTID":null,"AGE_UNITS":"Years","COUNTY":"Miami-Dade","last_edited_date":"2025-08-22T19:21:02Z"},"geometry":{"type":"Point","coordinates":[-80.543474363227858,25.584838407359168]}},
{"type":"Feature","properties":{"OBJECTID":47,"PANTHERID":"FP017","SEX":"Male","AGE":"9","LOCATION":"NBCNP, near Tangerine Camp Addlands","CAUSE":"Unknown","YEAR":1990,"Date":"1990-07-23T00:00:00Z","PANTHERID2":" ","MORTID":null,"AGE_UNITS":"Years","COUNTY":"Collier","last_edited_date":"2025-08-22T19:21:02Z"},"geometry":{"type":"Point","coordinates":[-81.020154344087956,26.216230634554421]}},
{"type":"Feature","properties":{"OBJECTID":48,"PANTHERID":"FP018","SEX":"Female","AGE":"10.5","LOCATION":"S of CR 846 near Rocky Lake","CAUSE":"Intraspecific aggression","YEAR":1990,"Date":"1990-10-03T00:00:00Z","PANTHERID2":" ","MORTID":null,"AGE_UNITS":"Years","COUNTY":"Hendry","last_edited_date":"2025-08-22T19:21:02Z"},"geometry":{"type":"Point","coordinates":[-81.095141881609536,26.397656812134631]}},
{"type":"Feature","properties":{"OBJECTID":49,"PANTHERID":"FP019","SEX":"Female","AGE":"11.5","LOCATION":"FPNWR","CAUSE":"Unknown","YEAR":1997,"Date":"1997-12-03T00:00:00Z","PANTHERID2":" ","MORTID":null,"AGE_UNITS":"Years","COUNTY":"Collier","last_edited_date":"2025-08-22T19:21:02Z"},"geometry":{"type":"Point","coordinates":[-81.364199619008673,26.248728344344936]}},
{"type":"Feature","properties":{"OBJECTID":50,"PANTHERID":"FP022","SEX":"Female","AGE":"4.5","LOCATION":"EVER in solution hole Pinelands on Long Pine Key","CAUSE":"Unknown","YEAR":1991,"Date":"1991-07-22T00:00:00Z","PANTHERID2":" ","MORTID":null,"AGE_UNITS":"Years","COUNTY":"Miami-Dade","last_edited_date":"2025-08-22T19:21:02Z"},"geometry":{"type":"Point","coordinates":[-80.709499918199285,25.408410678205751]}},
{"type":"Feature","properties":{"OBJECTID":51,"PANTHERID":"FP023","SEX":"Female","AGE":"14","LOCATION":"BCNP, 2 miles E of Turkey Foot. 17.1 mi N of Oasis visitor center","CAUSE":"Degenerative diseases","YEAR":2000,"Date":"2000-12-01T00:00:00Z","PANTHERID2":" ","MORTID":null,"AGE_UNITS":"Years","COUNTY":"Collier","last_edited_date":"2025-08-22T19:21:02Z"},"geometry":{"type":"Point","coordinates":[-81.003903449258331,26.107289137320524]}},
{"type":"Feature","properties":{"OBJECTID":52,"PANTHERID":"FP024","SEX":"Male","AGE":"4","LOCATION":"near Palmdale","CAUSE":"Unknown","YEAR":1988,"Date":"1988-08-22T00:00:00Z","PANTHERID2":" ","MORTID":null,"AGE_UNITS":"Years","COUNTY":"Glades","last_edited_date":"2025-08-22T19:21:02Z"},"geometry":{"type":"Point","coordinates":[-81.297702469355386,27.016779238548132]}},
{"type":"Feature","properties":{"OBJECTID":53,"PANTHERID":"FP025","SEX":"Male","AGE":"4.5","LOCATION":"FPNWR","CAUSE":"Intraspecific aggression","YEAR":1988,"Date":"1988-08-26T00:00:00Z","PANTHERID2":" ","MORTID":null,"AGE_UNITS":"Years","COUNTY":"Collier","last_edited_date":"2025-08-22T19:21:02Z"},"geometry":{"type":"Point","coordinates":[-81.369160156073377,26.167477384946423]}},
{"type":"Feature","properties":{"OBJECTID":54,"PANTHERID":"FP026","SEX":"Male","AGE":"11.5","LOCATION":"4 mi. E. Hendry Prison","CAUSE":"Intraspecific aggression","YEAR":1994,"Date":"1994-07-11T00:00:00Z","PANTHERID2":" ","MORTID":null,"AGE_UNITS":"Years","COUNTY":"Hendry","last_edited_date":"2025-08-22T19:21:02Z"},"geometry":{"type":"Point","coordinates":[-81.179604726407888,26.321078777093863]}},
{"type":"Feature","properties":{"OBJECTID":55,"PANTHERID":"FP027","SEX":"Male","AGE":"3.5","LOCATION":"EVER","CAUSE":"Unknown","YEAR":1989,"Date":"1989-07-26T00:00:00Z","PANTHERID2":" ","MORTID":null,"AGE_UNITS":"Years","COUNTY":"Miami-Dade","last_edited_date":"2025-08-22T19:21:02Z"},"geometry":{"type":"Point","coordinates":[-80.60404093999631,25.718814754060574]}},
{"type":"Feature","properties":{"OBJECTID":56,"PANTHERID":"FP029","SEX":"Male","AGE":"3.5","LOCATION":"Gum Swamp","CAUSE":"Infectious disease - Pseudorabies","YEAR":1992,"Date":"1992-05-27T00:00:00Z","PANTHERID2":" ","MORTID":null,"AGE_UNITS":"Years","COUNTY":"Hendry","last_edited_date":"2025-08-22T19:21:02Z"},"geometry":{"type":"Point","coordinates":[-81.23714543639008,26.354602555714433]}},
{"type":"Feature","properties":{"OBJECTID":57,"PANTHERID":"FP030","SEX":"Male","AGE":"22","LOCATION":"FSSP","CAUSE":"Intraspecific aggression","YEAR":1990,"Date":"1990-01-29T00:00:00Z","PANTHERID2":" ","MORTID":null,"AGE_UNITS":"Months","COUNTY":"Collier","last_edited_date":"2025-08-22T19:21:02Z"},"geometry":{"type":"Point","coordinates":[-81.388972869037204,25.967761600525467]}},
{"type":"Feature","properties":{"OBJECTID":58,"PANTHERID":"FP031","SEX":"Female","AGE":"13","LOCATION":"SR 29 Sunniland","CAUSE":"Vehicular trauma","YEAR":1994,"Date":"1994-03-04T00:00:00Z","PANTHERID2":" ","MORTID":null,"AGE_UNITS":"Years","COUNTY":"Collier","last_edited_date":"2025-08-22T19:21:02Z"},"geometry":{"type":"Point","coordinates":[-81.342679254505299,26.26518778488213]}},
{"type":"Feature","properties":{"OBJECTID":59,"PANTHERID":"FP032","SEX":"Female","AGE":"15","LOCATION":"FPNWR - Rock Island","CAUSE":"Unknown","YEAR":2002,"Date":"2002-09-14T00:00:00Z","PANTHERID2":" ","MORTID":null,"AGE_UNITS":"Years","COUNTY":"Collier","last_edited_date":"2025-08-22T19:21:02Z"},"geometry":{"type":"Point","coordinates":[-81.485838875237789,26.154254925732761]}},
{"type":"Feature","properties":{"OBJECTID":60,"PANTHERID":"FP033","SEX":"Male","AGE":"3","LOCATION":"2 mi. NW of Hendry Prison","CAUSE":"Infectious disease - Pseudorabies","YEAR":1989,"Date":"1989-11-23T00:00:00Z","PANTHERID2":" ","MORTID":null,"AGE_UNITS":"Years","COUNTY":"Hendry","last_edited_date":"2025-08-22T19:21:02Z"},"geometry":{"type":"Point","coordinates":[-81.245244061339292,26.340566298645179]}},
{"type":"Feature","properties":{"OBJECTID":61,"PANTHERID":"FP034","SEX":"Male","AGE":"5","LOCATION":"near L28 W feeder canal","CAUSE":"Unknown","YEAR":1993,"Date":"1993-11-15T00:00:00Z","PANTHERID2":" ","MORTID":null,"AGE_UNITS":"Years","COUNTY":"Hendry","last_edited_date":"2025-08-22T19:21:02Z"},"geometry":{"type":"Point","coordinates":[-81.091951988032804,26.332349261803113]}},
{"type":"Feature","properties":{"OBJECTID":62,"PANTHERID":"FP036","SEX":"Female","AGE":"14","LOCATION":"NBCNP, E of L28 interceptor canal","CAUSE":"Unknown","YEAR":1998,"Date":"1998-10-12T00:00:00Z","PANTHERID2":" ","MORTID":null,"AGE_UNITS":"Years","COUNTY":"Collier","last_edited_date":"2025-08-22T19:21:02Z"},"geometry":{"type":"Point","coordinates":[-80.895043005779257,26.20329045510044]}},
{"type":"Feature","properties":{"OBJECTID":63,"PANTHERID":"FP037","SEX":"Male","AGE":"4","LOCATION":"SR 29, 0.5 miles N of I-75","CAUSE":"Vehicular trauma","YEAR":1990,"Date":"1990-11-26T00:00:00Z","PANTHERID2":" ","MORTID":null,"AGE_UNITS":"Years","COUNTY":"Collier","last_edited_date":"2025-08-22T19:21:02Z"},"geometry":{"type":"Point","coordinates":[-81.345235122345414,26.164132599627401]}},
{"type":"Feature","properties":{"OBJECTID":64,"PANTHERID":"FP038","SEX":"Female","AGE":"8.5","LOCATION":"Conservation Area 3A. Cypress National Preserve, Raccoon Point","CAUSE":"Unknown","YEAR":1994,"Date":"1994-08-05T00:00:00Z","PANTHERID2":" ","MORTID":null,"AGE_UNITS":"Years","COUNTY":"Hendry","last_edited_date":"2025-08-22T19:21:02Z"},"geometry":{"type":"Point","coordinates":[-80.929856951927775,25.983916007188334]}},
{"type":"Feature","properties":{"OBJECTID":65,"PANTHERID":"FP039","SEX":"Male","AGE":"3.5","LOCATION":"EVER","CAUSE":"Other","YEAR":1990,"Date":"1990-05-18T00:00:00Z","PANTHERID2":" ","MORTID":null,"AGE_UNITS":"Years","COUNTY":"Monroe","last_edited_date":"2025-08-22T19:21:02Z"},"geometry":{"type":"Point","coordinates":[-80.874373712892876,25.542295393468024]}},
{"type":"Feature","properties":{"OBJECTID":66,"PANTHERID":"FP040","SEX":"Female","AGE":"10","LOCATION":"NBCNP - Bear Island","CAUSE":"Intraspecific aggression","YEAR":1998,"Date":"1998-02-02T00:00:00Z","PANTHERID2":" ","MORTID":null,"AGE_UNITS":"Years","COUNTY":"Collier","last_edited_date":"2025-08-22T19:21:02Z"},"geometry":{"type":"Point","coordinates":[-81.218030793678821,26.187461066134471]}},
{"type":"Feature","properties":{"OBJECTID":67,"PANTHERID":"FP041","SEX":"Female","AGE":"2","LOCATION":"W of BCSIR","CAUSE":"Intraspecific aggression","YEAR":1990,"Date":"1990-09-26T00:00:00Z","PANTHERID2":" ","MORTID":null,"AGE_UNITS":"Years","COUNTY":"Hendry","last_edited_date":"2025-08-22T19:21:02Z"},"geometry":{"type":"Point","coordinates":[-81.108892026805222,26.284345779701347]}},
{"type":"Feature","properties":{"OBJECTID":68,"PANTHERID":"FP042","SEX":"Male","AGE":"6","LOCATION":"SBCNP","CAUSE":"Unknown","YEAR":1995,"Date":"1995-06-23T00:00:00Z","PANTHERID2":" ","MORTID":null,"AGE_UNITS":"Years","COUNTY":"Collier","last_edited_date":"2025-08-22T19:21:02Z"},"geometry":{"type":"Point","coordinates":[-81.093748217592662,26.035363716893517]}},
{"type":"Feature","properties":{"OBJECTID":69,"PANTHERID":"FP043","SEX":"Male","AGE":"26","LOCATION":"BCSIR","CAUSE":"Intraspecific aggression","YEAR":1991,"Date":"1991-10-31T00:00:00Z","PANTHERID2":" ","MORTID":null,"AGE_UNITS":"Months","COUNTY":"Hendry","last_edited_date":"2025-08-22T19:21:02Z"},"geometry":{"type":"Point","coordinates":[-81.047870671358467,26.281895989169985]}},
{"type":"Feature","properties":{"OBJECTID":70,"PANTHERID":"FP044","SEX":"Male","AGE":"2.5","LOCATION":"SBCNP, Raccoon Pt.","CAUSE":"Intraspecific aggression","YEAR":1993,"Date":"1993-07-07T00:00:00Z","PANTHERID2":" ","MORTID":null,"AGE_UNITS":"Years","COUNTY":"Collier","last_edited_date":"2025-08-22T19:21:02Z"},"geometry":{"type":"Point","coordinates":[-80.910885866760225,25.968554760334136]}},
{"type":"Feature","properties":{"OBJECTID":71,"PANTHERID":"FP045","SEX":"Male","AGE":"7.5","LOCATION":"BCSIR","CAUSE":"Intraspecific aggression","YEAR":1998,"Date":"1998-08-03T00:00:00Z","PANTHERID2":" ","MORTID":null,"AGE_UNITS":"Years","COUNTY":"Hendry","last_edited_date":"2025-08-22T19:21:02Z"},"geometry":{"type":"Point","coordinates":[-80.957030602884757,26.261590147580652]}},
{"type":"Feature","properties":{"OBJECTID":72,"PANTHERID":"FP046","SEX":"Male","AGE":"9","LOCATION":"Private land S. CR 846","CAUSE":"Intraspecific aggression","YEAR":1999,"Date":"1999-02-03T00:00:00Z","PANTHERID2":" ","MORTID":null,"AGE_UNITS":"Years","COUNTY":"Hendry","last_edited_date":"2025-08-22T19:21:02Z"},"geometry":{"type":"Point","coordinates":[-81.099240850004236,26.372137023542024]}},
{"type":"Feature","properties":{"OBJECTID":73,"PANTHERID":"FP047","SEX":"Male","AGE":"18","LOCATION":"FSSP","CAUSE":"Intraspecific aggression","YEAR":1993,"Date":"1993-02-19T00:00:00Z","PANTHERID2":" ","MORTID":null,"AGE_UNITS":"Months","COUNTY":"Collier","last_edited_date":"2025-08-22T19:21:02Z"},"geometry":{"type":"Point","coordinates":[-81.391403805830052,26.023107343395843]}},
{"type":"Feature","properties":{"OBJECTID":74,"PANTHERID":"FP048","SEX":"Female","AGE":"15","LOCATION":"On Jack Price Land east of 29 near Sunniland; Sunniland mine.","CAUSE":"Unknown","YEAR":2006,"Date":"2006-10-30T00:00:00Z","PANTHERID2":" ","MORTID":null,"AGE_UNITS":"Years","COUNTY":"Collier","last_edited_date":"2025-08-22T19:21:02Z"},"geometry":{"type":"Point","coordinates":[-81.311909425674003,26.278467986722465]}},
{"type":"Feature","properties":{"OBJECTID":75,"PANTHERID":"FP049","SEX":"Female","AGE":"12","LOCATION":"BCNP Addition Lands, male scrape found outside of hammock, panther witnessed leaving carcass","CAUSE":"Intraspecific aggression","YEAR":2002,"Date":"2002-01-04T00:00:00Z","PANTHERID2":" ","MORTID":null,"AGE_UNITS":"Years","COUNTY":"Collier","last_edited_date":"2025-08-22T19:21:02Z"},"geometry":{"type":"Point","coordinates":[-81.06794762643645,26.220532133957491]}},
{"type":"Feature","properties":{"OBJECTID":76,"PANTHERID":"FP050","SEX":"Male","AGE":"2.5","LOCATION":"CR 846, 5 miles E of Immokalee","CAUSE":"Vehicular trauma","YEAR":1993,"Date":"1993-12-06T00:00:00Z","PANTHERID2":" ","MORTID":null,"AGE_UNITS":"Years","COUNTY":"Collier","last_edited_date":"2025-08-22T19:21:02Z"},"geometry":{"type":"Point","coordinates":[-81.319577706585122,26.419299790536886]}},
{"type":"Feature","properties":{"OBJECTID":77,"PANTHERID":"FP051","SEX":"Male","AGE":"9","LOCATION":"SR 29, Bear Island Grade","CAUSE":"Vehicular trauma","YEAR":1998,"Date":"1998-07-20T00:00:00Z","PANTHERID2":" ","MORTID":null,"AGE_UNITS":"Years","COUNTY":"Collier","last_edited_date":"2025-08-22T19:21:02Z"},"geometry":{"type":"Point","coordinates":[-81.344744835544603,26.218536650628476]}},
{"type":"Feature","properties":{"OBJECTID":78,"PANTHERID":"FP052","SEX":"Female","AGE":"3.3","LOCATION":"CR 846 near Dupree Road","CAUSE":"Vehicular trauma","YEAR":1995,"Date":"1995-01-13T00:00:00Z","PANTHERID2":" ","MORTID":null,"AGE_UNITS":"Years","COUNTY":"Collier","last_edited_date":"2025-08-22T19:21:02Z"},"geometry":{"type":"Point","coordinates":[-81.347744444603677,26.418656204591827]}},
{"type":"Feature","properties":{"OBJECTID":79,"PANTHERID":"FP053","SEX":"Male","AGE":"11","LOCATION":"Private lands N of FPNWR","CAUSE":"Intraspecific aggression","YEAR":1993,"Date":"1993-02-26T00:00:00Z","PANTHERID2":" ","MORTID":null,"AGE_UNITS":"Months","COUNTY":"Collier","last_edited_date":"2025-08-22T19:21:02Z"},"geometry":{"type":"Point","coordinates":[-81.387646779583719,26.232441095796201]}},
{"type":"Feature","properties":{"OBJECTID":80,"PANTHERID":"FP055","SEX":"Female","AGE":"11.6","LOCATION":"BCNP","CAUSE":"Intraspecific aggression","YEAR":2004,"Date":"2004-07-12T00:00:00Z","PANTHERID2":" ","MORTID":null,"AGE_UNITS":"Years","COUNTY":"Collier","last_edited_date":"2025-08-22T19:21:02Z"},"geometry":{"type":"Point","coordinates":[-81.209983099713256,26.119741752919222]}},
{"type":"Feature","properties":{"OBJECTID":81,"PANTHERID":"FP058","SEX":"Male","AGE":"3","LOCATION":"Sadie Cypress - 10-15ft from a small pond with evidence of thrashing and tracks that led up to large water moccasin","CAUSE":"Intraspecific aggression","YEAR":1997,"Date":"1997-03-31T00:00:00Z","PANTHERID2":" ","MORTID":null,"AGE_UNITS":"Years","COUNTY":"Collier","last_edited_date":"2025-08-22T19:21:02Z"},"geometry":{"type":"Point","coordinates":[-81.325539299264008,26.388902860618387]}},
{"type":"Feature","properties":{"OBJECTID":82,"PANTHERID":"FP059","SEX":"Male","AGE":"9.4","LOCATION":"Private property, just E of Ford Test Track","CAUSE":"Intraspecific aggression","YEAR":2004,"Date":"2004-11-22T00:00:00Z","PANTHERID2":" ","MORTID":null,"AGE_UNITS":"Years","COUNTY":"Collier","last_edited_date":"2025-08-22T19:21:02Z"},"geometry":{"type":"Point","coordinates":[-81.496522148863676,26.17972667507593]}},
{"type":"Feature","properties":{"OBJECTID":83,"PANTHERID":"FP063","SEX":"Male","AGE":"5","LOCATION":"SR 29, N of Pistol Pond","CAUSE":"Other","YEAR":2000,"Date":"2000-01-17T00:00:00Z","PANTHERID2":" ","MORTID":null,"AGE_UNITS":"Years","COUNTY":"Collier","last_edited_date":"2025-08-22T19:21:02Z"},"geometry":{"type":"Point","coordinates":[-81.342479950415552,26.255282966611301]}},
{"type":"Feature","properties":{"OBJECTID":84,"PANTHERID":"FP064","SEX":"Male","AGE":"2.5","LOCATION":"Audubon's Corkscrew Sanctuary","CAUSE":"Intraspecific aggression","YEAR":1999,"Date":"1999-03-26T00:00:00Z","PANTHERID2":" ","MORTID":null,"AGE_UNITS":"Years","COUNTY":"Collier","last_edited_date":"2025-08-22T19:21:02Z"},"geometry":{"type":"Point","coordinates":[-81.574583239366703,26.414358275638687]}},
{"type":"Feature","properties":{"OBJECTID":85,"PANTHERID":"FP067","SEX":"Female","AGE":"5.5","LOCATION":"Private land, Gum Slough","CAUSE":"Intraspecific aggression","YEAR":2003,"Date":"2003-01-15T00:00:00Z","PANTHERID2":" ","MORTID":null,"AGE_UNITS":"Years","COUNTY":"Hendry","last_edited_date":"2025-08-22T19:21:02Z"},"geometry":{"type":"Point","coordinates":[-81.19049546621973,26.308477685403933]}},
{"type":"Feature","properties":{"OBJECTID":86,"PANTHERID":"FP068","SEX":"Male","AGE":"6","LOCATION":"NBCNP, W of Tangerine tram, BCNP Addition lands","CAUSE":"Intraspecific aggression","YEAR":2000,"Date":"2000-03-03T00:00:00Z","PANTHERID2":" ","MORTID":null,"AGE_UNITS":"Years","COUNTY":"Collier","last_edited_date":"2025-08-22T19:21:02Z"},"geometry":{"type":"Point","coordinates":[-81.044695278843491,26.228947782410831]}},
{"type":"Feature","properties":{"OBJECTID":87,"PANTHERID":"FP069","SEX":"Female","AGE":"8.3","LOCATION":"NBCNP - Addition Lands. Eaten armadillo about 100' from where FP69 lay. ","CAUSE":"Unknown","YEAR":2005,"Date":"2005-09-14T00:00:00Z","PANTHERID2":" ","MORTID":null,"AGE_UNITS":"Years","COUNTY":"Collier","last_edited_date":"2025-08-22T19:21:02Z"},"geometry":{"type":"Point","coordinates":[-81.074959399369902,26.242497589898012]}},
{"type":"Feature","properties":{"OBJECTID":88,"PANTHERID":"FP070","SEX":"Female","AGE":"8.6","LOCATION":"US 41, near Turner River","CAUSE":"Vehicular trauma","YEAR":2006,"Date":"2006-01-14T00:00:00Z","PANTHERID2":" ","MORTID":null,"AGE_UNITS":"Years","COUNTY":"Collier","last_edited_date":"2025-08-22T19:21:02Z"},"geometry":{"type":"Point","coordinates":[-81.268595473147585,25.890684979469288]}},
{"type":"Feature","properties":{"OBJECTID":89,"PANTHERID":"FP072","SEX":"Male","AGE":"3.5","LOCATION":"BCSIR","CAUSE":"Intraspecific aggression","YEAR":1998,"Date":"1998-12-23T00:00:00Z","PANTHERID2":" ","MORTID":null,"AGE_UNITS":"Years","COUNTY":"Hendry","last_edited_date":"2025-08-22T19:21:02Z"},"geometry":{"type":"Point","coordinates":[-80.994995647688,26.262011846957563]}},
{"type":"Feature","properties":{"OBJECTID":90,"PANTHERID":"FP073","SEX":"Female","AGE":"7.8","LOCATION":"BCSIR - Game Pen","CAUSE":"Infectious disease - Pseudorabies","YEAR":2003,"Date":"2003-07-02T00:00:00Z","PANTHERID2":" ","MORTID":null,"AGE_UNITS":"Years","COUNTY":"Hendry","last_edited_date":"2025-08-22T19:21:02Z"},"geometry":{"type":"Point","coordinates":[-80.960794216351928,26.267090208431551]}},
{"type":"Feature","properties":{"OBJECTID":91,"PANTHERID":"FP074","SEX":"Male","AGE":"2","LOCATION":"US 27, near Venus","CAUSE":"Vehicular trauma","YEAR":1999,"Date":"1999-09-08T00:00:00Z","PANTHERID2":" ","MORTID":null,"AGE_UNITS":"Years","COUNTY":"Glades","last_edited_date":"2025-08-22T19:21:02Z"},"geometry":{"type":"Point","coordinates":[-81.335846017579087,27.070611342797331]}},
{"type":"Feature","properties":{"OBJECTID":92,"PANTHERID":"FP076","SEX":"Male","AGE":"3","LOCATION":"FSSP, 1.9 miles W of SR 29 off of Lancaster Grade","CAUSE":"Intraspecific aggression","YEAR":1999,"Date":"1999-11-15T00:00:00Z","PANTHERID2":" ","MORTID":null,"AGE_UNITS":"Years","COUNTY":"Collier","last_edited_date":"2025-08-22T19:21:02Z"},"geometry":{"type":"Point","coordinates":[-81.375674175335959,26.054798161041575]}},
{"type":"Feature","properties":{"OBJECTID":93,"PANTHERID":"FP077","SEX":"Female","AGE":"6","LOCATION":"Big Cypress Hunting Adventures (Game Pen) at Big Cypress Seminole Indian Reservation","CAUSE":"Infectious disease - Pseudorabies","YEAR":2003,"Date":"2003-07-14T00:00:00Z","PANTHERID2":" ","MORTID":null,"AGE_UNITS":"Years","COUNTY":"Hendry","last_edited_date":"2025-08-22T19:21:02Z"},"geometry":{"type":"Point","coordinates":[-80.968406446301543,26.26401301577388]}},
{"type":"Feature","properties":{"OBJECTID":94,"PANTHERID":"FP078","SEX":"Female","AGE":"6","LOCATION":"FPNWR - Fire Tower","CAUSE":"Intraspecific aggression","YEAR":2002,"Date":"2002-10-18T00:00:00Z","PANTHERID2":" ","MORTID":null,"AGE_UNITS":"Years","COUNTY":"Collier","last_edited_date":"2025-08-22T19:21:02Z"},"geometry":{"type":"Point","coordinates":[-81.347303395412169,26.183387642182268]}},
{"type":"Feature","properties":{"OBJECTID":95,"PANTHERID":"FP080","SEX":"Female","AGE":"4","LOCATION":"W Boundary Road, BCSIR","CAUSE":"Vehicular trauma","YEAR":2000,"Date":"2000-02-10T00:00:00Z","PANTHERID2":" ","MORTID":null,"AGE_UNITS":"Years","COUNTY":"Hendry","last_edited_date":"2025-08-22T19:21:02Z"},"geometry":{"type":"Point","coordinates":[-81.04191688859558,26.326142305390615]}},
{"type":"Feature","properties":{"OBJECTID":96,"PANTHERID":"FP082","SEX":"Female","AGE":"6","LOCATION":"OSSF","CAUSE":"Intraspecific aggression","YEAR":2003,"Date":"2003-05-13T00:00:00Z","PANTHERID2":" ","MORTID":null,"AGE_UNITS":"Years","COUNTY":"Collier","last_edited_date":"2025-08-22T19:21:02Z"},"geometry":{"type":"Point","coordinates":[-81.277375795700905,26.48881360375314]}},
{"type":"Feature","properties":{"OBJECTID":97,"PANTHERID":"FP083","SEX":"Female","AGE":"11.8","LOCATION":"US41 W of Port of the Isles, found in north bound lanes","CAUSE":"Vehicular trauma","YEAR":2011,"Date":"2011-03-25T00:00:00Z","PANTHERID2":" ","MORTID":null,"AGE_UNITS":"Years","COUNTY":"Collier","last_edited_date":"2025-08-22T19:21:02Z"},"geometry":{"type":"Point","coordinates":[-81.541869173371865,25.969924724487178]}},
{"type":"Feature","properties":{"OBJECTID":98,"PANTHERID":"FP084","SEX":"Male","AGE":"14","LOCATION":"Fisheating Creek WMA, 5 miles W of US 27","CAUSE":"Unknown","YEAR":2000,"Date":"2000-04-21T00:00:00Z","PANTHERID2":" ","MORTID":null,"AGE_UNITS":"Months","COUNTY":"Glades","last_edited_date":"2025-08-22T19:21:02Z"},"geometry":{"type":"Point","coordinates":[-81.402913891420411,26.963412016452388]}},
{"type":"Feature","properties":{"OBJECTID":99,"PANTHERID":"FP085","SEX":"Male","AGE":"5","LOCATION":"EVER","CAUSE":"Unknown","YEAR":2004,"Date":"2004-03-01T00:00:00Z","PANTHERID2":" ","MORTID":null,"AGE_UNITS":"Years","COUNTY":"Miami-Dade","last_edited_date":"2025-08-22T19:21:02Z"},"geometry":{"type":"Point","coordinates":[-80.634520216049552,25.458037304986302]}},
{"type":"Feature","properties":{"OBJECTID":100,"PANTHERID":"FP086","SEX":"Female","AGE":"4","LOCATION":" ","CAUSE":"Other","YEAR":2003,"Date":"2003-11-07T00:00:00Z","PANTHERID2":" ","MORTID":null,"AGE_UNITS":"Years","COUNTY":"Collier","last_edited_date":"2025-08-22T19:21:02Z"},"geometry":{"type":"Point","coordinates":[-80.904775235117469,26.039200420487468]}},
{"type":"Feature","properties":{"OBJECTID":101,"PANTHERID":"FP087","SEX":"Female","AGE":"4","LOCATION":"SBCNP - 7 miles NNE of Oasis","CAUSE":"Intraspecific aggression","YEAR":2003,"Date":"2003-06-27T00:00:00Z","PANTHERID2":" ","MORTID":null,"AGE_UNITS":"Years","COUNTY":"Collier","last_edited_date":"2025-08-22T19:21:02Z"},"geometry":{"type":"Point","coordinates":[-80.986089599763673,25.950106319334193]}},
{"type":"Feature","properties":{"OBJECTID":102,"PANTHERID":"FP089","SEX":"Male","AGE":"3.5","LOCATION":"BCNP, 2 miles NW of Mud Lake","CAUSE":"Intraspecific aggression","YEAR":2000,"Date":"2000-11-10T00:00:00Z","PANTHERID2":" ","MORTID":null,"AGE_UNITS":"Years","COUNTY":"Collier","last_edited_date":"2025-08-22T19:21:02Z"},"geometry":{"type":"Point","coordinates":[-81.155134437888904,26.077552123811351]}},
{"type":"Feature","properties":{"OBJECTID":103,"PANTHERID":"FP090","SEX":"Male","AGE":"1.9","LOCATION":"US 27, 2.5 miles N of Terrytown","CAUSE":"Vehicular trauma","YEAR":2001,"Date":"2001-04-26T00:00:00Z","PANTHERID2":" ","MORTID":null,"AGE_UNITS":"Years","COUNTY":"Palm Beach","last_edited_date":"2025-08-22T19:21:02Z"},"geometry":{"type":"Point","coordinates":[-80.561947383549963,26.363573709146717]}},
{"type":"Feature","properties":{"OBJECTID":104,"PANTHERID":"FP091","SEX":"Female","AGE":"4.5","LOCATION":"BCNP, Turner River Unit","CAUSE":"Intraspecific aggression","YEAR":2003,"Date":"2003-12-12T00:00:00Z","PANTHERID2":" ","MORTID":null,"AGE_UNITS":"Years","COUNTY":"Collier","last_edited_date":"2025-08-22T19:21:02Z"},"geometry":{"type":"Point","coordinates":[-81.055920175511517,26.043600436778949]}},
{"type":"Feature","properties":{"OBJECTID":105,"PANTHERID":"FP092","SEX":"Male","AGE":"2.2","LOCATION":"CREW, N Flint Pen Strand","CAUSE":"Intraspecific aggression","YEAR":2001,"Date":"2001-09-21T00:00:00Z","PANTHERID2":" ","MORTID":null,"AGE_UNITS":"Years","COUNTY":"Lee","last_edited_date":"2025-08-22T19:21:02Z"},"geometry":{"type":"Point","coordinates":[-81.692747468293859,26.443287124048823]}},
{"type":"Feature","properties":{"OBJECTID":106,"PANTHERID":"FP093","SEX":"Female","AGE":"16.8","LOCATION":"Big Cypress National Preserve, Turner River Unit, eastern Airplane Prairie. ","CAUSE":"Unknown","YEAR":2015,"Date":"2015-12-02T00:00:00Z","PANTHERID2":" ","MORTID":null,"AGE_UNITS":"Years","COUNTY":"Collier","last_edited_date":"2025-08-22T19:21:02Z"},"geometry":{"type":"Point","coordinates":[-81.186867456731164,26.062976635464238]}},
{"type":"Feature","properties":{"OBJECTID":107,"PANTHERID":"FP096","SEX":"Male","AGE":"1.75","LOCATION":"Private land, Hogan Island","CAUSE":"Intraspecific aggression","YEAR":2002,"Date":"2002-01-18T00:00:00Z","PANTHERID2":" ","MORTID":null,"AGE_UNITS":"Years","COUNTY":"Collier","last_edited_date":"2025-08-22T19:21:02Z"},"geometry":{"type":"Point","coordinates":[-81.531307304290465,26.395158118100404]}},
{"type":"Feature","properties":{"OBJECTID":108,"PANTHERID":"FP097","SEX":"Male","AGE":"2","LOCATION":"Private land, E of Gopher Ridge Grove, N of Immokalee","CAUSE":"Intraspecific aggression","YEAR":2001,"Date":"2001-12-03T00:00:00Z","PANTHERID2":" ","MORTID":null,"AGE_UNITS":"Years","COUNTY":"Collier","last_edited_date":"2025-08-22T19:21:02Z"},"geometry":{"type":"Point","coordinates":[-81.34598456280149,26.453928586905622]}},
{"type":"Feature","properties":{"OBJECTID":109,"PANTHERID":"FP098","SEX":"Male","AGE":"4.5","LOCATION":"SR 29, 1 km N of Pistol Pond","CAUSE":"Vehicular trauma","YEAR":2002,"Date":"2002-07-01T00:00:00Z","PANTHERID2":" ","MORTID":null,"AGE_UNITS":"Years","COUNTY":"Collier","last_edited_date":"2025-08-22T19:21:02Z"},"geometry":{"type":"Point","coordinates":[-81.342029937603826,26.255491716519455]}},
{"type":"Feature","properties":{"OBJECTID":110,"PANTHERID":"FP099","SEX":"Male","AGE":"33","LOCATION":"CR 846, 1/4 mile N of Collier fairgrounds","CAUSE":"Vehicular trauma","YEAR":2002,"Date":"2002-11-28T00:00:00Z","PANTHERID2":" ","MORTID":null,"AGE_UNITS":"Months","COUNTY":"Collier","last_edited_date":"2025-08-22T19:21:02Z"},"geometry":{"type":"Point","coordinates":[-81.595111113345979,26.332533917839754]}},
{"type":"Feature","properties":{"OBJECTID":111,"PANTHERID":"FP100","SEX":"Male","AGE":"10","LOCATION":"Miccosukee Reservation,  N of I-75","CAUSE":"Unknown","YEAR":2007,"Date":"2007-01-25T00:00:00Z","PANTHERID2":" ","MORTID":null,"AGE_UNITS":"Years","COUNTY":"Broward","last_edited_date":"2025-08-22T19:21:02Z"},"geometry":{"type":"Point","coordinates":[-80.870906364959382,26.224779280627665]}},
{"type":"Feature","properties":{"OBJECTID":112,"PANTHERID":"FP102","SEX":"Female","AGE":"12.5","LOCATION":"SBCNP","CAUSE":"Intraspecific aggression","YEAR":2010,"Date":"2010-10-25T00:00:00Z","PANTHERID2":" ","MORTID":null,"AGE_UNITS":"Years","COUNTY":"Collier","last_edited_date":"2025-08-22T19:21:02Z"},"geometry":{"type":"Point","coordinates":[-81.25286765089831,25.897864961624393]}},
{"type":"Feature","properties":{"OBJECTID":113,"PANTHERID":"FP103","SEX":"Female","AGE":"7","LOCATION":"SBCNP Big Cypress National Preserve; In the Turner River Unit","CAUSE":"Intraspecific aggression","YEAR":2007,"Date":"2007-08-08T00:00:00Z","PANTHERID2":" ","MORTID":null,"AGE_UNITS":"Years","COUNTY":"Collier","last_edited_date":"2025-08-22T19:21:02Z"},"geometry":{"type":"Point","coordinates":[-80.882693996760196,25.959784690972228]}},
{"type":"Feature","properties":{"OBJECTID":114,"PANTHERID":"FP105","SEX":"Female","AGE":"7","LOCATION":"FPNWR, SW corner of clearcut","CAUSE":"Unknown","YEAR":2002,"Date":"2002-01-16T00:00:00Z","PANTHERID2":" ","MORTID":null,"AGE_UNITS":"Years","COUNTY":"Collier","last_edited_date":"2025-08-22T19:21:02Z"},"geometry":{"type":"Point","coordinates":[-81.376536457174794,26.211567420257403]}},
{"type":"Feature","properties":{"OBJECTID":115,"PANTHERID":"FP106","SEX":"Female","AGE":"3","LOCATION":"SR 29, entrance to Sunniland Mine","CAUSE":"Vehicular trauma","YEAR":2003,"Date":"2003-02-20T00:00:00Z","PANTHERID2":" ","MORTID":null,"AGE_UNITS":"Years","COUNTY":"Collier","last_edited_date":"2025-08-22T19:21:02Z"},"geometry":{"type":"Point","coordinates":[-81.342344476072384,26.267138940610835]}},
{"type":"Feature","properties":{"OBJECTID":116,"PANTHERID":"FP107","SEX":"Female","AGE":"8","LOCATION":"FPNWR","CAUSE":"Unknown","YEAR":2008,"Date":"2008-08-06T00:00:00Z","PANTHERID2":" ","MORTID":null,"AGE_UNITS":"Years","COUNTY":"Collier","last_edited_date":"2025-08-22T19:21:02Z"},"geometry":{"type":"Point","coordinates":[-81.35909869565269,26.201733753231927]}},
{"type":"Feature","properties":{"OBJECTID":117,"PANTHERID":"FP108","SEX":"Male","AGE":"22","LOCATION":"SBCNP, Raccoon Point","CAUSE":"Infectious disease - Pseudorabies","YEAR":2002,"Date":"2002-11-18T00:00:00Z","PANTHERID2":" ","MORTID":null,"AGE_UNITS":"Months","COUNTY":"Collier","last_edited_date":"2025-08-22T19:21:02Z"},"geometry":{"type":"Point","coordinates":[-80.887575226618338,25.973775868911037]}},
{"type":"Feature","properties":{"OBJECTID":118,"PANTHERID":"FP109","SEX":"Male","AGE":"10","LOCATION":"OSSF, N of CR 832","CAUSE":"Intraspecific aggression","YEAR":2003,"Date":"2003-02-26T00:00:00Z","PANTHERID2":" ","MORTID":null,"AGE_UNITS":"Years","COUNTY":"Hendry","last_edited_date":"2025-08-22T19:21:02Z"},"geometry":{"type":"Point","coordinates":[-81.32671464113875,26.613301502321178]}},
{"type":"Feature","properties":{"OBJECTID":119,"PANTHERID":"FP111","SEX":"Male","AGE":"9","LOCATION":"OSSF, N of CR 832","CAUSE":"Intraspecific aggression","YEAR":2002,"Date":"2002-09-06T00:00:00Z","PANTHERID2":" ","MORTID":null,"AGE_UNITS":"Years","COUNTY":"Hendry","last_edited_date":"2025-08-22T19:21:02Z"},"geometry":{"type":"Point","coordinates":[-81.33453717326816,26.60556352751874]}},
{"type":"Feature","properties":{"OBJECTID":120,"PANTHERID":"FP112","SEX":"Female","AGE":"4","LOCATION":"BCNP - Bear Island","CAUSE":"Intraspecific aggression","YEAR":2002,"Date":"2002-09-13T00:00:00Z","PANTHERID2":" ","MORTID":null,"AGE_UNITS":"Years","COUNTY":"Collier","last_edited_date":"2025-08-22T19:21:02Z"},"geometry":{"type":"Point","coordinates":[-81.250298125646012,26.220754703845163]}},
{"type":"Feature","properties":{"OBJECTID":121,"PANTHERID":"FP114","SEX":"Male","AGE":"1.5","LOCATION":"FPNWR, S of Oil Pad Rd.","CAUSE":"Intraspecific aggression","YEAR":2003,"Date":"2003-10-17T00:00:00Z","PANTHERID2":"K120","MORTID":null,"AGE_UNITS":"Years","COUNTY":"Collier","last_edited_date":"2025-08-22T19:21:02Z"},"geometry":{"type":"Point","coordinates":[-81.348208431512177,26.184848239579939]}},
{"type":"Feature","properties":{"OBJECTID":122,"PANTHERID":"FP115","SEX":"Female","AGE":"4.5","LOCATION":"OSSF, Sick Island","CAUSE":"Unknown","YEAR":2003,"Date":"2003-05-17T00:00:00Z","PANTHERID2":" ","MORTID":null,"AGE_UNITS":"Years","COUNTY":"Hendry","last_edited_date":"2025-08-22T19:21:02Z"},"geometry":{"type":"Point","coordinates":[-81.363774601341746,26.567055280471564]}},
{"type":"Feature","properties":{"OBJECTID":123,"PANTHERID":"FP116","SEX":"Female","AGE":"4.5","LOCATION":"Williams Ranch","CAUSE":"Intraspecific aggression","YEAR":2007,"Date":"2007-01-10T00:00:00Z","PANTHERID2":" ","MORTID":null,"AGE_UNITS":"Years","COUNTY":"Hendry","last_edited_date":"2025-08-22T19:21:02Z"},"geometry":{"type":"Point","coordinates":[-81.192170070151718,26.291165984392041]}},
{"type":"Feature","properties":{"OBJECTID":124,"PANTHERID":"FP117","SEX":"Male","AGE":"27","LOCATION":"OSSF. East of wild cow grade. ","CAUSE":"Infectious disease - Pseudorabies","YEAR":2004,"Date":"2004-07-28T00:00:00Z","PANTHERID2":" ","MORTID":null,"AGE_UNITS":"Months","COUNTY":"Hendry","last_edited_date":"2025-08-22T19:21:02Z"},"geometry":{"type":"Point","coordinates":[-81.29005750097177,26.564154555754762]}},
{"type":"Feature","properties":{"OBJECTID":125,"PANTHERID":"FP118","SEX":"Female","AGE":"1","LOCATION":"BCSIR - Game Pen","CAUSE":"Infectious disease - Pseudorabies","YEAR":2003,"Date":"2003-04-04T00:00:00Z","PANTHERID2":" ","MORTID":null,"AGE_UNITS":"Years","COUNTY":"Hendry","last_edited_date":"2025-08-22T19:21:02Z"},"geometry":{"type":"Point","coordinates":[-80.962617185482785,26.266341243473605]}},
{"type":"Feature","properties":{"OBJECTID":126,"PANTHERID":"FP122","SEX":"Female","AGE":"2.5","LOCATION":"OSSF, NW Wild Cow Island","CAUSE":"Unknown","YEAR":2004,"Date":"2004-02-13T00:00:00Z","PANTHERID2":" ","MORTID":null,"AGE_UNITS":"Years","COUNTY":"Hendry","last_edited_date":"2025-08-22T19:21:02Z"},"geometry":{"type":"Point","coordinates":[-81.329535736471115,26.539085251754493]}},
{"type":"Feature","properties":{"OBJECTID":127,"PANTHERID":"FP123","SEX":"Male","AGE":"3.5","LOCATION":"OSSF","CAUSE":"Intraspecific aggression","YEAR":2011,"Date":"2011-06-19T00:00:00Z","PANTHERID2":" ","MORTID":null,"AGE_UNITS":"Years","COUNTY":"Collier","last_edited_date":"2025-08-22T19:21:02Z"},"geometry":{"type":"Point","coordinates":[-81.554680082287859,26.16825464756689]}},
{"type":"Feature","properties":{"OBJECTID":128,"PANTHERID":"FP125","SEX":"Male","AGE":"18","LOCATION":"Krome Ave.  1.5 mi south of US41","CAUSE":"Other","YEAR":2004,"Date":"2004-09-28T00:00:00Z","PANTHERID2":" ","MORTID":null,"AGE_UNITS":"Months","COUNTY":"Miami-Dade","last_edited_date":"2025-08-22T19:21:02Z"},"geometry":{"type":"Point","coordinates":[-80.480940747211761,25.744082472656697]}},
{"type":"Feature","properties":{"OBJECTID":129,"PANTHERID":"FP126","SEX":"Male","AGE":"1.6","LOCATION":"Private property, 1/2 mile S of CR 846, Sadie Cypress","CAUSE":"Intraspecific aggression","YEAR":2005,"Date":"2005-01-03T00:00:00Z","PANTHERID2":" ","MORTID":null,"AGE_UNITS":"Years","COUNTY":"Collier","last_edited_date":"2025-08-22T19:21:02Z"},"geometry":{"type":"Point","coordinates":[-81.3016567951246,26.411266549360917]}},
{"type":"Feature","properties":{"OBJECTID":130,"PANTHERID":"FP127","SEX":"Male","AGE":"5","LOCATION":"NBCNP","CAUSE":"Intraspecific aggression","YEAR":2008,"Date":"2008-03-17T00:00:00Z","PANTHERID2":" ","MORTID":null,"AGE_UNITS":"Years","COUNTY":"Collier","last_edited_date":"2025-08-22T19:21:02Z"},"geometry":{"type":"Point","coordinates":[-80.886701811360297,26.206661196205857]}},
{"type":"Feature","properties":{"OBJECTID":131,"PANTHERID":"FP128","SEX":"Female","AGE":"7.2","LOCATION":"BCSIR, game pen","CAUSE":"Unknown","YEAR":2007,"Date":"2007-09-27T00:00:00Z","PANTHERID2":"K082","MORTID":null,"AGE_UNITS":"Years","COUNTY":"Hendry","last_edited_date":"2025-08-22T19:21:02Z"},"geometry":{"type":"Point","coordinates":[-80.974484291171365,26.269034641449487]}},
{"type":"Feature","properties":{"OBJECTID":132,"PANTHERID":"FP129","SEX":"Female","AGE":"6","LOCATION":"SBCNP","CAUSE":"Unknown","YEAR":2006,"Date":"2006-03-22T00:00:00Z","PANTHERID2":"K089","MORTID":null,"AGE_UNITS":"Years","COUNTY":"Collier","last_edited_date":"2025-08-22T19:21:02Z"},"geometry":{"type":"Point","coordinates":[-80.943212881373853,25.967017909063408]}},
{"type":"Feature","properties":{"OBJECTID":133,"PANTHERID":"FP130","SEX":"Male","AGE":"4","LOCATION":"I-4, near Osceola, Orange county line. Found in westbound lane.","CAUSE":"Vehicular trauma","YEAR":2007,"Date":"2007-03-21T00:00:00Z","PANTHERID2":"K150","MORTID":null,"AGE_UNITS":"Years","COUNTY":"Osceola","last_edited_date":"2025-08-22T19:21:02Z"},"geometry":{"type":"Point","coordinates":[-81.584304434801211,28.291853038803659]}},
{"type":"Feature","properties":{"OBJECTID":134,"PANTHERID":"FP131","SEX":"Male","AGE":"9","LOCATION":"Horse Trial grounds, N of CR 858, W of SR 29","CAUSE":"Other","YEAR":2008,"Date":"2008-04-16T00:00:00Z","PANTHERID2":" ","MORTID":null,"AGE_UNITS":"Years","COUNTY":"Collier","last_edited_date":"2025-08-22T19:21:02Z"},"geometry":{"type":"Point","coordinates":[-81.353693542446806,26.228176457504887]}},
{"type":"Feature","properties":{"OBJECTID":135,"PANTHERID":"FP132","SEX":"Male","AGE":"3","LOCATION":"OSSF","CAUSE":"Infectious disease - FeLV","YEAR":2004,"Date":"2004-07-22T00:00:00Z","PANTHERID2":" ","MORTID":null,"AGE_UNITS":"Years","COUNTY":"Collier","last_edited_date":"2025-08-22T19:21:02Z"},"geometry":{"type":"Point","coordinates":[-81.287388390362764,26.484216001527134]}},
{"type":"Feature","properties":{"OBJECTID":136,"PANTHERID":"FP133","SEX":"Male","AGE":"12","LOCATION":"FSSP. 4.6km southwest of SR29 on 1-75","CAUSE":"Intraspecific aggression","YEAR":2012,"Date":"2012-03-03T00:00:00Z","PANTHERID2":" ","MORTID":null,"AGE_UNITS":"Years","COUNTY":"Collier","last_edited_date":"2025-08-22T19:21:02Z"},"geometry":{"type":"Point","coordinates":[-81.375802631126362,26.12319728872389]}},
{"type":"Feature","properties":{"OBJECTID":137,"PANTHERID":"FP134","SEX":"Male","AGE":"5.5","LOCATION":"NBCNP, W of L-28, S of pipeline","CAUSE":"Intraspecific aggression","YEAR":2007,"Date":"2007-01-31T00:00:00Z","PANTHERID2":" ","MORTID":null,"AGE_UNITS":"Years","COUNTY":"Collier","last_edited_date":"2025-08-22T19:21:02Z"},"geometry":{"type":"Point","coordinates":[-80.948796303468498,26.244133339087384]}},
{"type":"Feature","properties":{"OBJECTID":138,"PANTHERID":"FP135","SEX":"Male","AGE":"2.5","LOCATION":" ","CAUSE":"Intraspecific aggression","YEAR":2006,"Date":"2006-10-26T00:00:00Z","PANTHERID2":"K147","MORTID":null,"AGE_UNITS":"Years","COUNTY":"Collier","last_edited_date":"2025-08-22T19:21:02Z"},"geometry":{"type":"Point","coordinates":[-81.395980241058183,26.263037142469194]}},
{"type":"Feature","properties":{"OBJECTID":139,"PANTHERID":"FP136","SEX":"Female","AGE":"4","LOCATION":"SBCNP, 2 miles NE of Burns Lake","CAUSE":"Unknown","YEAR":2005,"Date":"2005-06-14T00:00:00Z","PANTHERID2":" ","MORTID":null,"AGE_UNITS":"Years","COUNTY":"Collier","last_edited_date":"2025-08-22T19:21:02Z"},"geometry":{"type":"Point","coordinates":[-81.185862363923874,25.951667285676937]}},
{"type":"Feature","properties":{"OBJECTID":140,"PANTHERID":"FP138","SEX":"Male","AGE":"7","LOCATION":"SBCNP, 5.5 km N of Monument Lake Campground","CAUSE":"Unknown","YEAR":2008,"Date":"2008-05-12T00:00:00Z","PANTHERID2":" ","MORTID":null,"AGE_UNITS":"Years","COUNTY":"Collier","last_edited_date":"2025-08-22T19:21:02Z"},"geometry":{"type":"Point","coordinates":[-81.088310620951475,25.914718813923454]}},
{"type":"Feature","properties":{"OBJECTID":141,"PANTHERID":"FP140","SEX":"Female","AGE":"7","LOCATION":"FPNWR, SE of Hog Pond","CAUSE":"Intraspecific aggression","YEAR":2009,"Date":"2009-06-12T00:00:00Z","PANTHERID2":" ","MORTID":null,"AGE_UNITS":"Years","COUNTY":"Collier","last_edited_date":"2025-08-22T19:21:02Z"},"geometry":{"type":"Point","coordinates":[-81.405641827019579,26.213303187501733]}},
{"type":"Feature","properties":{"OBJECTID":142,"PANTHERID":"FP141","SEX":"Male","AGE":"8.5","LOCATION":"west side of CR833, couple miles west of house with pond/pets","CAUSE":"Unknown","YEAR":2011,"Date":"2011-01-05T00:00:00Z","PANTHERID2":" ","MORTID":null,"AGE_UNITS":"Years","COUNTY":"Hendry","last_edited_date":"2025-08-22T19:21:02Z"},"geometry":{"type":"Point","coordinates":[-81.064401696031567,26.380021527697341]}},
{"type":"Feature","properties":{"OBJECTID":143,"PANTHERID":"FP144","SEX":"Male","AGE":"6","LOCATION":"NBCNP","CAUSE":"Intraspecific aggression","YEAR":2010,"Date":"2010-06-21T00:00:00Z","PANTHERID2":" ","MORTID":null,"AGE_UNITS":"Years","COUNTY":"Collier","last_edited_date":"2025-08-22T19:21:02Z"},"geometry":{"type":"Point","coordinates":[-80.938879352227559,26.175233634573342]}},
{"type":"Feature","properties":{"OBJECTID":144,"PANTHERID":"FP148","SEX":"Female","AGE":"11.5","LOCATION":"Picayune Strand State Forest","CAUSE":"Intraspecific aggression","YEAR":2015,"Date":"2015-03-20T00:00:00Z","PANTHERID2":" ","MORTID":null,"AGE_UNITS":"Years","COUNTY":"Collier","last_edited_date":"2025-08-22T19:21:02Z"},"geometry":{"type":"Point","coordinates":[-81.568829780031692,26.060992833074842]}},
{"type":"Feature","properties":{"OBJECTID":145,"PANTHERID":"FP152","SEX":"Male","AGE":"5.5","LOCATION":"SBCNP Preserve; Turner River Unit; 12.7 km north of Oasis Visitor Center on Hwy. 41 in Big Cypress","CAUSE":"Intraspecific aggression","YEAR":2008,"Date":"2008-10-22T00:00:00Z","PANTHERID2":" ","MORTID":null,"AGE_UNITS":"Years","COUNTY":"Collier","last_edited_date":"2025-08-22T19:21:02Z"},"geometry":{"type":"Point","coordinates":[-81.003249542421855,25.968807901624718]}},
{"type":"Feature","properties":{"OBJECTID":146,"PANTHERID":"FP153","SEX":"Female","AGE":"14","LOCATION":"Big Cypress National Preserve","CAUSE":"Unknown","YEAR":2015,"Date":"2015-06-16T00:00:00Z","PANTHERID2":" ","MORTID":null,"AGE_UNITS":"Years","COUNTY":"Collier","last_edited_date":"2025-08-22T19:21:02Z"},"geometry":{"type":"Point","coordinates":[-81.185328928846943,26.139812397145448]}},
{"type":"Feature","properties":{"OBJECTID":147,"PANTHERID":"FP155","SEX":"Male","AGE":"3","LOCATION":"Lee-Hendry Landfill","CAUSE":"Unknown","YEAR":2008,"Date":"2008-09-15T00:00:00Z","PANTHERID2":" ","MORTID":null,"AGE_UNITS":"Years","COUNTY":"Hendry","last_edited_date":"2025-08-22T19:21:02Z"},"geometry":{"type":"Point","coordinates":[-81.529103312955542,26.590590178653457]}},
{"type":"Feature","properties":{"OBJECTID":148,"PANTHERID":"FP156","SEX":"Male","AGE":"6","LOCATION":"PSSF, Belle Meade. Just north of red dog trail, about 15m off trail.","CAUSE":"Infectious disease - Pseudorabies","YEAR":2011,"Date":"2011-07-29T00:00:00Z","PANTHERID2":" ","MORTID":null,"AGE_UNITS":"Years","COUNTY":"Collier","last_edited_date":"2025-08-22T19:21:02Z"},"geometry":{"type":"Point","coordinates":[-81.596842498154572,26.145873796245816]}},
{"type":"Feature","properties":{"OBJECTID":149,"PANTHERID":"FP157","SEX":"Male","AGE":"3","LOCATION":"CREW. 1.2km east of Poor Man's Rd. in Flint Pen area of CREW","CAUSE":"Intraspecific aggression","YEAR":2008,"Date":"2008-04-14T00:00:00Z","PANTHERID2":" ","MORTID":null,"AGE_UNITS":"Years","COUNTY":"Collier","last_edited_date":"2025-08-22T19:21:02Z"},"geometry":{"type":"Point","coordinates":[-81.646968556904909,26.361825289334973]}},
{"type":"Feature","properties":{"OBJECTID":150,"PANTHERID":"FP158","SEX":"Female","AGE":"5","LOCATION":"US 41, 1km E of SR92","CAUSE":"Vehicular trauma","YEAR":2010,"Date":"2010-05-22T00:00:00Z","PANTHERID2":" ","MORTID":null,"AGE_UNITS":"Years","COUNTY":"Collier","last_edited_date":"2025-08-22T19:21:02Z"},"geometry":{"type":"Point","coordinates":[-81.585005598999118,25.988538372726431]}},
{"type":"Feature","properties":{"OBJECTID":151,"PANTHERID":"FP159","SEX":"Male","AGE":"12.5","LOCATION":"Private land, 2 miles north of Corkscrew Rd.","CAUSE":"Unknown","YEAR":2015,"Date":"2015-04-27T00:00:00Z","PANTHERID2":" ","MORTID":null,"AGE_UNITS":"Years","COUNTY":"Lee","last_edited_date":"2025-08-22T19:21:02Z"},"geometry":{"type":"Point","coordinates":[-81.59244227683439,26.48303227110722]}},
{"type":"Feature","properties":{"OBJECTID":152,"PANTHERID":"FP162","SEX":"Female","AGE":"11","LOCATION":"Big Cypress National Preserve; Turner River Unit 8.25 km north of Hwy. 41 at Monument Lake","CAUSE":"Intraspecific aggression","YEAR":2016,"Date":"2016-05-06T00:00:00Z","PANTHERID2":" ","MORTID":null,"AGE_UNITS":"Years","COUNTY":"Collier","last_edited_date":"2025-08-22T19:21:02Z"},"geometry":{"type":"Point","coordinates":[-81.109390765157855,25.938236475730978]}},
{"type":"Feature","properties":{"OBJECTID":153,"PANTHERID":"FP163","SEX":"Male","AGE":"7.2","LOCATION":"Co Line Rd, Collier/Hendry Co. Line","CAUSE":"Vehicular trauma","YEAR":2014,"Date":"2014-04-25T00:00:00Z","PANTHERID2":"K227","MORTID":null,"AGE_UNITS":"Years","COUNTY":"Collier","last_edited_date":"2025-08-22T19:21:02Z"},"geometry":{"type":"Point","coordinates":[-81.271305053150499,26.381675101860754]}},
{"type":"Feature","properties":{"OBJECTID":154,"PANTHERID":"FP164","SEX":"Male","AGE":"2.5","LOCATION":"NBCNP; 9.3km northwest of hwy 41 at Oasis Visitor Center","CAUSE":"Unknown","YEAR":2008,"Date":"2008-07-07T00:00:00Z","PANTHERID2":" ","MORTID":null,"AGE_UNITS":"Years","COUNTY":"Collier","last_edited_date":"2025-08-22T19:21:02Z"},"geometry":{"type":"Point","coordinates":[-81.029475258543073,25.940758009299021]}},
{"type":"Feature","properties":{"OBJECTID":155,"PANTHERID":"FP166","SEX":"Male","AGE":"5.5","LOCATION":"BCSIR, N. of Safari Pen","CAUSE":"Intraspecific aggression","YEAR":2009,"Date":"2009-10-05T00:00:00Z","PANTHERID2":" ","MORTID":null,"AGE_UNITS":"Years","COUNTY":"Hendry","last_edited_date":"2025-08-22T19:21:02Z"},"geometry":{"type":"Point","coordinates":[-81.054863698442091,26.349262323839866]}},
{"type":"Feature","properties":{"OBJECTID":156,"PANTHERID":"FP168","SEX":"Female","AGE":"8","LOCATION":"CREW, Flint Pen Strand","CAUSE":"Intraspecific aggression","YEAR":2010,"Date":"2010-10-15T00:00:00Z","PANTHERID2":" ","MORTID":null,"AGE_UNITS":"Years","COUNTY":"Lee","last_edited_date":"2025-08-22T19:21:02Z"},"geometry":{"type":"Point","coordinates":[-81.724779612771897,26.389902902630038]}},
{"type":"Feature","properties":{"OBJECTID":157,"PANTHERID":"FP169","SEX":"Male","AGE":"5.5","LOCATION":"US 41, 4km W of Monroe Station","CAUSE":"Vehicular trauma","YEAR":2010,"Date":"2010-05-21T00:00:00Z","PANTHERID2":" ","MORTID":null,"AGE_UNITS":"Years","COUNTY":"Collier","last_edited_date":"2025-08-22T19:21:02Z"},"geometry":{"type":"Point","coordinates":[-81.136982989974754,25.867436122846957]}},
{"type":"Feature","properties":{"OBJECTID":158,"PANTHERID":"FP170","SEX":"Female","AGE":"4.5","LOCATION":"PSSF, Swan Lake Prairie","CAUSE":"Intraspecific aggression","YEAR":2011,"Date":"2011-03-02T00:00:00Z","PANTHERID2":" ","MORTID":null,"AGE_UNITS":"Years","COUNTY":"Collier","last_edited_date":"2025-08-22T19:21:02Z"},"geometry":{"type":"Point","coordinates":[-81.506071125859251,26.080387158424873]}},
{"type":"Feature","properties":{"OBJECTID":159,"PANTHERID":"FP171","SEX":"Male","AGE":"9.5","LOCATION":"SR29, 4.3km north of I75. Found in the northbound lanes, pulled off to shoulder by CCSO","CAUSE":"Vehicular trauma","YEAR":2016,"Date":"2016-08-14T00:00:00Z","PANTHERID2":" ","MORTID":null,"AGE_UNITS":"Years","COUNTY":"Collier","last_edited_date":"2025-08-22T19:21:02Z"},"geometry":{"type":"Point","coordinates":[-81.345893970872496,26.194118113305485]}},
{"type":"Feature","properties":{"OBJECTID":160,"PANTHERID":"FP172","SEX":"Female","AGE":"5","LOCATION":"NBCNP. 140 west of a cypress pond. Hair on cypress knees indicative of a struggle. Fresh male scrapes in area.","CAUSE":"Intraspecific aggression","YEAR":2010,"Date":"2010-03-22T00:00:00Z","PANTHERID2":" ","MORTID":null,"AGE_UNITS":"Years","COUNTY":"Collier","last_edited_date":"2025-08-22T19:21:02Z"},"geometry":{"type":"Point","coordinates":[-81.000483345034226,26.193621911019012]}},
{"type":"Feature","properties":{"OBJECTID":161,"PANTHERID":"FP173","SEX":"Male","AGE":"5","LOCATION":"Lee County Port Authority Mitigation Land","CAUSE":"Infectious disease - Pseudorabies","YEAR":2010,"Date":"2010-12-22T00:00:00Z","PANTHERID2":" ","MORTID":null,"AGE_UNITS":"Years","COUNTY":"Lee","last_edited_date":"2025-08-22T19:21:02Z"},"geometry":{"type":"Point","coordinates":[-81.638546359385785,26.508665198179859]}},
{"type":"Feature","properties":{"OBJECTID":162,"PANTHERID":"FP174","SEX":"Male","AGE":"4.5","LOCATION":"I-75, 95mm, eastbound","CAUSE":"Vehicular trauma","YEAR":2010,"Date":"2010-03-16T00:00:00Z","PANTHERID2":" ","MORTID":null,"AGE_UNITS":"Years","COUNTY":"Collier","last_edited_date":"2025-08-22T19:21:02Z"},"geometry":{"type":"Point","coordinates":[-81.590125747563434,26.153061766391421]}},
{"type":"Feature","properties":{"OBJECTID":163,"PANTHERID":"FP175","SEX":"Female","AGE":"6.5","LOCATION":"BCNP Addition Lands, Collier County. Bubbles crossover trail north of hits grade","CAUSE":"Unknown","YEAR":2014,"Date":"2014-01-24T00:00:00Z","PANTHERID2":" ","MORTID":null,"AGE_UNITS":"Years","COUNTY":"Collier","last_edited_date":"2025-08-22T19:21:02Z"},"geometry":{"type":"Point","coordinates":[-81.100014876411066,26.222888181846738]}},
{"type":"Feature","properties":{"OBJECTID":164,"PANTHERID":"FP176","SEX":"Male","AGE":"4.5","LOCATION":"CR 832, OSSF. East of Tower Rd, 600m west of OK slough SF headquarters","CAUSE":"Vehicular trauma","YEAR":2010,"Date":"2010-11-17T00:00:00Z","PANTHERID2":" ","MORTID":null,"AGE_UNITS":"Years","COUNTY":"Hendry","last_edited_date":"2025-08-22T19:21:02Z"},"geometry":{"type":"Point","coordinates":[-81.340413779595721,26.599030649006245]}},
{"type":"Feature","properties":{"OBJECTID":165,"PANTHERID":"FP177","SEX":"Male","AGE":"7","LOCATION":"BCNP - North Addition Lands. Just east of Nobles landing strip in north Addlands","CAUSE":"Intraspecific aggression","YEAR":2014,"Date":"2014-07-16T00:00:00Z","PANTHERID2":" ","MORTID":null,"AGE_UNITS":"Years","COUNTY":"Collier","last_edited_date":"2025-08-22T19:21:02Z"},"geometry":{"type":"Point","coordinates":[-81.063243394961333,26.240778578639826]}},
{"type":"Feature","properties":{"OBJECTID":166,"PANTHERID":"FP182","SEX":"Female","AGE":"3.8","LOCATION":"US 41, near Turner River canoe launch","CAUSE":"Unknown","YEAR":2012,"Date":"2012-12-11T00:00:00Z","PANTHERID2":" ","MORTID":null,"AGE_UNITS":"Years","COUNTY":"Collier","last_edited_date":"2025-08-22T19:21:02Z"},"geometry":{"type":"Point","coordinates":[-81.275168497834073,25.892514766879188]}},
{"type":"Feature","properties":{"OBJECTID":167,"PANTHERID":"FP183","SEX":"Male","AGE":"9","LOCATION":"SR29, 2.75 mi south of I-75","CAUSE":"Vehicular trauma","YEAR":2015,"Date":"2015-02-25T00:00:00Z","PANTHERID2":" ","MORTID":null,"AGE_UNITS":"Years","COUNTY":"Collier","last_edited_date":"2025-08-22T19:21:02Z"},"geometry":{"type":"Point","coordinates":[-81.344956977542452,26.113757192435536]}},
{"type":"Feature","properties":{"OBJECTID":168,"PANTHERID":"FP184","SEX":"Female","AGE":"5.5","LOCATION":"School bus road in the BCNP Addition lands, west of Nobels Grade.","CAUSE":"Intraspecific aggression","YEAR":2013,"Date":"2013-04-26T00:00:00Z","PANTHERID2":" ","MORTID":null,"AGE_UNITS":"Years","COUNTY":"Collier","last_edited_date":"2025-08-22T19:21:02Z"},"geometry":{"type":"Point","coordinates":[-81.09849630493548,26.2147174599469]}},
{"type":"Feature","properties":{"OBJECTID":169,"PANTHERID":"FP186","SEX":"Male","AGE":"11.5","LOCATION":"CREW, Bird Rookery Swamp","CAUSE":"Intraspecific aggression","YEAR":2011,"Date":"2011-06-01T00:00:00Z","PANTHERID2":" ","MORTID":null,"AGE_UNITS":"Months","COUNTY":"Collier","last_edited_date":"2025-08-22T19:21:02Z"},"geometry":{"type":"Point","coordinates":[-81.609620480319478,26.326793617054207]}},
{"type":"Feature","properties":{"OBJECTID":170,"PANTHERID":"FP188","SEX":"Female","AGE":"3.5","LOCATION":" ","CAUSE":"Unknown","YEAR":2011,"Date":"2011-09-14T00:00:00Z","PANTHERID2":" ","MORTID":null,"AGE_UNITS":"Years","COUNTY":"Collier","last_edited_date":"2025-08-22T19:21:02Z"},"geometry":{"type":"Point","coordinates":[-81.544201216743872,26.489255675378423]}},
{"type":"Feature","properties":{"OBJECTID":171,"PANTHERID":"FP189","SEX":"Male","AGE":"3.5","LOCATION":"Tomato field S of Oil Well Rd","CAUSE":"Intraspecific aggression","YEAR":2012,"Date":"2012-01-05T00:00:00Z","PANTHERID2":" ","MORTID":null,"AGE_UNITS":"Years","COUNTY":"Collier","last_edited_date":"2025-08-22T19:21:02Z"},"geometry":{"type":"Point","coordinates":[-81.30829252698426,26.293184733620016]}},
{"type":"Feature","properties":{"OBJECTID":172,"PANTHERID":"FP191","SEX":"Female","AGE":"16","LOCATION":"Big Cypress National Preserve. Found in ~ 1 foot of water in alligator flag pond in center of cypress dome; possible thrashing because remains were twisted in emergent vegetation, however, this could have been caused by scavengers and was sparse enough","CAUSE":"Unknown","YEAR":2015,"Date":"2015-02-13T00:00:00Z","PANTHERID2":"K056","MORTID":null,"AGE_UNITS":"Years","COUNTY":"Collier","last_edited_date":"2025-08-22T19:21:02Z"},"geometry":{"type":"Point","coordinates":[-81.022269044875813,26.070987870613578]}},
{"type":"Feature","properties":{"OBJECTID":173,"PANTHERID":"FP192","SEX":"Female","AGE":"10","LOCATION":"14km north of Hwy 41 at Oasis Visitor Center and 24km east of Turner River Rd junction of Upper Wagonwheel rd","CAUSE":"Intraspecific aggression","YEAR":2020,"Date":"2020-03-20T00:00:00Z","PANTHERID2":"K287","MORTID":null,"AGE_UNITS":"Years","COUNTY":"Collier","last_edited_date":"2025-08-22T19:21:02Z"},"geometry":{"type":"Point","coordinates":[-81.025642034395332,25.995488976566907]}},
{"type":"Feature","properties":{"OBJECTID":174,"PANTHERID":"FP194","SEX":"Male","AGE":"20","LOCATION":"SBCNP","CAUSE":"Intraspecific aggression","YEAR":2012,"Date":"2012-01-13T00:00:00Z","PANTHERID2":" ","MORTID":null,"AGE_UNITS":"Months","COUNTY":"Collier","last_edited_date":"2025-08-22T19:21:02Z"},"geometry":{"type":"Point","coordinates":[-81.007835112675011,25.973963798743874]}},
{"type":"Feature","properties":{"OBJECTID":175,"PANTHERID":"FP195","SEX":"Female","AGE":"8.5","LOCATION":"Golden Gate Estates","CAUSE":"Intraspecific aggression","YEAR":2016,"Date":"2016-08-29T00:00:00Z","PANTHERID2":" ","MORTID":null,"AGE_UNITS":"Years","COUNTY":"Collier","last_edited_date":"2025-08-22T19:21:02Z"},"geometry":{"type":"Point","coordinates":[-81.547826940273438,26.166357626045102]}},
{"type":"Feature","properties":{"OBJECTID":176,"PANTHERID":"FP196","SEX":"Female","AGE":"2.5","LOCATION":"US 41, 1.4km E of San Marco Rd","CAUSE":"Vehicular trauma","YEAR":2012,"Date":"2012-10-06T00:00:00Z","PANTHERID2":" ","MORTID":null,"AGE_UNITS":"Years","COUNTY":"Collier","last_edited_date":"2025-08-22T19:21:02Z"},"geometry":{"type":"Point","coordinates":[-81.580866097420866,25.987877833495826]}},
{"type":"Feature","properties":{"OBJECTID":177,"PANTHERID":"FP197","SEX":"Male","AGE":"4.5","LOCATION":"Lee County Port Authority Mitigation Land","CAUSE":"Unknown","YEAR":2012,"Date":"2012-07-18T00:00:00Z","PANTHERID2":" ","MORTID":null,"AGE_UNITS":"Years","COUNTY":"Lee","last_edited_date":"2025-08-22T19:21:02Z"},"geometry":{"type":"Point","coordinates":[-81.639837722024239,26.50989636925636]}},
{"type":"Feature","properties":{"OBJECTID":178,"PANTHERID":"FP198","SEX":"Female","AGE":"9","LOCATION":"citrus grove 500m south of CR850, 1km west of Lee-Collier line","CAUSE":"Intraspecific aggression","YEAR":2017,"Date":"2017-03-22T00:00:00Z","PANTHERID2":" ","MORTID":null,"AGE_UNITS":"Years","COUNTY":"Collier","last_edited_date":"2025-08-22T19:21:02Z"},"geometry":{"type":"Point","coordinates":[-81.571784371612367,26.446630284511876]}},
{"type":"Feature","properties":{"OBJECTID":179,"PANTHERID":"FP211","SEX":"Male","AGE":"2","LOCATION":"Orange grove 8.7km SE of prison","CAUSE":"Intraspecific aggression","YEAR":2012,"Date":"2012-05-21T00:00:00Z","PANTHERID2":" ","MORTID":null,"AGE_UNITS":"Years","COUNTY":"Hendry","last_edited_date":"2025-08-22T19:21:02Z"},"geometry":{"type":"Point","coordinates":[-81.176824164333098,26.264855725604271]}},
{"type":"Feature","properties":{"OBJECTID":180,"PANTHERID":"FP212","SEX":"Male","AGE":"3","LOCATION":"2 km NW of CR 846 and County Line Rd intersection","CAUSE":"Intraspecific aggression","YEAR":2012,"Date":"2012-05-18T00:00:00Z","PANTHERID2":" ","MORTID":null,"AGE_UNITS":"Years","COUNTY":"Collier","last_edited_date":"2025-08-22T19:21:02Z"},"geometry":{"type":"Point","coordinates":[-81.287173079005342,26.433842430526042]}},
{"type":"Feature","properties":{"OBJECTID":181,"PANTHERID":"FP213","SEX":"Female","AGE":"5.5","LOCATION":"Dinner Island Ranch WMA","CAUSE":"Intraspecific aggression","YEAR":2014,"Date":"2014-12-31T00:00:00Z","PANTHERID2":" ","MORTID":null,"AGE_UNITS":"Years","COUNTY":"Hendry","last_edited_date":"2025-08-22T19:21:02Z"},"geometry":{"type":"Point","coordinates":[-81.232818328281496,26.515619617840603]}},
{"type":"Feature","properties":{"OBJECTID":182,"PANTHERID":"FP215","SEX":"Female","AGE":"11","LOCATION":"Barron Collier. Catherine Island. East of ag fields.","CAUSE":"Unknown","YEAR":2016,"Date":"2016-06-22T00:00:00Z","PANTHERID2":"K185","MORTID":null,"AGE_UNITS":"Years","COUNTY":"Collier","last_edited_date":"2025-08-22T19:21:02Z"},"geometry":{"type":"Point","coordinates":[-81.424733183300205,26.216570899473087]}},
{"type":"Feature","properties":{"OBJECTID":183,"PANTHERID":"FP219","SEX":"Female","AGE":"4.3","LOCATION":"I-75, just west of exit 101","CAUSE":"Vehicular trauma","YEAR":2015,"Date":"2015-09-18T00:00:00Z","PANTHERID2":"K334","MORTID":null,"AGE_UNITS":"Years","COUNTY":"Collier","last_edited_date":"2025-08-22T19:21:02Z"},"geometry":{"type":"Point","coordinates":[-81.691839575052015,26.162297499386888]}},
{"type":"Feature","properties":{"OBJECTID":184,"PANTHERID":"FP220","SEX":"Female","AGE":"12","LOCATION":"Big Cypress National Preserve; Turner River Unit; 3 km east of junction of Turner River Road","CAUSE":"Unknown","YEAR":2019,"Date":"2019-02-15T00:00:00Z","PANTHERID2":"K228","MORTID":null,"AGE_UNITS":"Years","COUNTY":"Collier","last_edited_date":"2025-08-22T19:21:02Z"},"geometry":{"type":"Point","coordinates":[-81.232912745408399,25.990400536960493]}},
{"type":"Feature","properties":{"OBJECTID":185,"PANTHERID":"FP222","SEX":"Female","AGE":"10.5","LOCATION":"I75, MM90, Northbound shoulder along the inner median","CAUSE":"Vehicular trauma","YEAR":2015,"Date":"2015-10-23T00:00:00Z","PANTHERID2":" ","MORTID":null,"AGE_UNITS":"Years","COUNTY":"Collier","last_edited_date":"2025-08-22T19:21:02Z"},"geometry":{"type":"Point","coordinates":[-81.50032202970587,26.153257248278578]}},
{"type":"Feature","properties":{"OBJECTID":186,"PANTHERID":"FP223","SEX":"Male","AGE":"32","LOCATION":"between CR833 and CR935. Found in alligator flag field near a pasture pond that was 400m north of Dooley Grade Road","CAUSE":"Other","YEAR":2014,"Date":"2014-01-04T00:00:00Z","PANTHERID2":"K335","MORTID":null,"AGE_UNITS":"Months","COUNTY":"Hendry","last_edited_date":"2025-08-22T19:21:02Z"},"geometry":{"type":"Point","coordinates":[-81.026938070723233,26.546939721836555]}},
{"type":"Feature","properties":{"OBJECTID":187,"PANTHERID":"FP228","SEX":"Male","AGE":"4","LOCATION":"Everglades/Francis Taylor WMA. Recovered from Miami Mud Canal about 300 yds south of S8 pump station.","CAUSE":"Vehicular trauma","YEAR":2014,"Date":"2014-03-17T00:00:00Z","PANTHERID2":" ","MORTID":null,"AGE_UNITS":"Years","COUNTY":"Broward","last_edited_date":"2025-08-22T19:21:02Z"},"geometry":{"type":"Point","coordinates":[-80.770943051707079,26.32685936695346]}},
{"type":"Feature","properties":{"OBJECTID":188,"PANTHERID":"FP229","SEX":"Female","AGE":"4.5","LOCATION":"Northern Addlands, BCNP","CAUSE":"Unknown","YEAR":2014,"Date":"2014-11-14T00:00:00Z","PANTHERID2":" ","MORTID":null,"AGE_UNITS":"Years","COUNTY":"Collier","last_edited_date":"2025-08-22T19:21:02Z"},"geometry":{"type":"Point","coordinates":[-80.978919392462245,26.22249703529987]}},
{"type":"Feature","properties":{"OBJECTID":189,"PANTHERID":"FP231","SEX":"Male","AGE":"2.5","LOCATION":"Vacant lot on east side of 8th St NE about half way between 12th and 14th Ave's NE. (south of Randall Blvd.)","CAUSE":"Unknown","YEAR":2014,"Date":"2014-08-04T00:00:00Z","PANTHERID2":" ","MORTID":null,"AGE_UNITS":"Years","COUNTY":"Collier","last_edited_date":"2025-08-22T19:21:02Z"},"geometry":{"type":"Point","coordinates":[-81.590222894756039,26.253720161864734]}},
{"type":"Feature","properties":{"OBJECTID":190,"PANTHERID":"FP234","SEX":"Male","AGE":"12","LOCATION":"I75, mm 54, inside median","CAUSE":"Vehicular trauma","YEAR":2017,"Date":"2017-08-13T00:00:00Z","PANTHERID2":" ","MORTID":null,"AGE_UNITS":"Years","COUNTY":"Collier","last_edited_date":"2025-08-22T19:21:02Z"},"geometry":{"type":"Point","coordinates":[-80.940032181558422,26.171306224879388]}},
{"type":"Feature","properties":{"OBJECTID":191,"PANTHERID":"FP236","SEX":"Male","AGE":"9.5","LOCATION":"Golden gate estates. rock rd","CAUSE":"Infectious disease - Other","YEAR":2018,"Date":"2018-03-21T00:00:00Z","PANTHERID2":" ","MORTID":null,"AGE_UNITS":"Years","COUNTY":"Collier","last_edited_date":"2025-08-22T19:21:02Z"},"geometry":{"type":"Point","coordinates":[-81.628539800244212,26.265855383933008]}},
{"type":"Feature","properties":{"OBJECTID":192,"PANTHERID":"FP237","SEX":"Male","AGE":"1","LOCATION":"Panther Island Mitigation bank. 2.9 km NW of the Corkscrew Sanctuary Visitor Center","CAUSE":"Intraspecific aggression","YEAR":2015,"Date":"2015-03-30T00:00:00Z","PANTHERID2":" ","MORTID":null,"AGE_UNITS":"Years","COUNTY":"Collier","last_edited_date":"2025-08-22T19:21:02Z"},"geometry":{"type":"Point","coordinates":[-81.626167376726002,26.392706836622441]}},
{"type":"Feature","properties":{"OBJECTID":193,"PANTHERID":"FP240","SEX":"Female","AGE":"2.7","LOCATION":"Deep Lake Unit of Big Cypress NP","CAUSE":"Intraspecific aggression","YEAR":2015,"Date":"2015-08-12T00:00:00Z","PANTHERID2":" ","MORTID":null,"AGE_UNITS":"Years","COUNTY":"Collier","last_edited_date":"2025-08-22T19:21:02Z"},"geometry":{"type":"Point","coordinates":[-81.292292020353017,26.022935413498519]}},
{"type":"Feature","properties":{"OBJECTID":194,"PANTHERID":"FP242","SEX":"Male","AGE":"10","LOCATION":"Immokalee Ranch","CAUSE":"Infectious disease - Pseudorabies","YEAR":2016,"Date":"2016-08-05T00:00:00Z","PANTHERID2":" ","MORTID":null,"AGE_UNITS":"Years","COUNTY":"Hendry","last_edited_date":"2025-08-22T19:21:02Z"},"geometry":{"type":"Point","coordinates":[-81.243540187285504,26.416939345288903]}},
{"type":"Feature","properties":{"OBJECTID":195,"PANTHERID":"FP244","SEX":"Male","AGE":"7.5","LOCATION":"Dinner Island Ranch WMA","CAUSE":"Unknown","YEAR":2017,"Date":"2017-08-28T00:00:00Z","PANTHERID2":" ","MORTID":null,"AGE_UNITS":"Years","COUNTY":"Collier","last_edited_date":"2025-08-22T19:21:02Z"},"geometry":{"type":"Point","coordinates":[-81.176080423795327,26.45500646783562]}},
{"type":"Feature","properties":{"OBJECTID":196,"PANTHERID":"FP245","SEX":"Male","AGE":"7","LOCATION":"Immokalee Ranch, ~2 miles ESE of Bishop Pens","CAUSE":"Infectious disease - Pseudorabies","YEAR":2018,"Date":"2018-03-14T00:00:00Z","PANTHERID2":" ","MORTID":null,"AGE_UNITS":"Years","COUNTY":"Hendry","last_edited_date":"2025-08-22T19:21:02Z"},"geometry":{"type":"Point","coordinates":[-81.237135465817488,26.334963663348187]}},
{"type":"Feature","properties":{"OBJECTID":197,"PANTHERID":"FP249","SEX":"Male","AGE":"2","LOCATION":"CR833 north of Seminole Indian Reservation","CAUSE":"Vehicular trauma","YEAR":2017,"Date":"2017-11-20T00:00:00Z","PANTHERID2":" ","MORTID":null,"AGE_UNITS":"Years","COUNTY":"Hendry","last_edited_date":"2025-08-22T19:21:02Z"},"geometry":{"type":"Point","coordinates":[-81.023945703453549,26.398210140390805]}},
{"type":"Feature","properties":{"OBJECTID":198,"PANTHERID":"FP250","SEX":"Male","AGE":"2.9","LOCATION":"Private property  in Belle Mead; ~ 1 km west off of Ken Luck Drive.","CAUSE":"Intraspecific aggression","YEAR":2018,"Date":"2018-11-05T00:00:00Z","PANTHERID2":" ","MORTID":null,"AGE_UNITS":"Years","COUNTY":"Collier","last_edited_date":"2025-08-22T19:21:02Z"},"geometry":{"type":"Point","coordinates":[-81.597881792025021,26.163314223136087]}},
{"type":"Feature","properties":{"OBJECTID":199,"PANTHERID":"FP251","SEX":"Male","AGE":"1.6","LOCATION":"Immokalee rd 1.2km north of Jones Mining Rd","CAUSE":"Vehicular trauma","YEAR":2018,"Date":"2018-12-07T00:00:00Z","PANTHERID2":" ","MORTID":null,"AGE_UNITS":"Years","COUNTY":"Collier","last_edited_date":"2025-08-22T19:21:02Z"},"geometry":{"type":"Point","coordinates":[-81.594797426162884,26.337817270009733]}},
{"type":"Feature","properties":{"OBJECTID":200,"PANTHERID":"FP252","SEX":"Male","AGE":"14","LOCATION":"Golden Gate Blvd between 15th and 17th St SW, south side of road","CAUSE":"Vehicular trauma","YEAR":2018,"Date":"2018-08-01T00:00:00Z","PANTHERID2":" ","MORTID":null,"AGE_UNITS":"Months","COUNTY":"Collier","last_edited_date":"2025-08-22T19:21:02Z"},"geometry":{"type":"Point","coordinates":[-81.638794865063787,26.229268921367517]}},
{"type":"Feature","properties":{"OBJECTID":201,"PANTHERID":"FP255","SEX":"Male","AGE":"10","LOCATION":"CR850 about half mile south of SR82. Located in Orange Groves","CAUSE":"Vehicular trauma","YEAR":2024,"Date":"2024-01-22T00:00:00Z","PANTHERID2":" ","MORTID":null,"AGE_UNITS":"Years","COUNTY":"Lee","last_edited_date":"2025-08-22T19:21:02Z"},"geometry":{"type":"Point","coordinates":[-81.522482533589709,26.499178446835717]}},
{"type":"Feature","properties":{"OBJECTID":202,"PANTHERID":"FP256","SEX":"Female","AGE":"1.7","LOCATION":" ","CAUSE":"Other","YEAR":2019,"Date":"2019-10-09T00:00:00Z","PANTHERID2":" ","MORTID":null,"AGE_UNITS":"Years","COUNTY":"Collier","last_edited_date":"2025-08-22T19:21:02Z"},"geometry":{"type":"Point","coordinates":[-81.530197922933382,26.485759969856549]}},
{"type":"Feature","properties":{"OBJECTID":203,"PANTHERID":"FP257","SEX":"Female","AGE":"7","LOCATION":"Chamberlain Pkwy just S of Daniels Pkwy","CAUSE":"Vehicular trauma","YEAR":2021,"Date":"2021-03-25T00:00:00Z","PANTHERID2":" ","MORTID":null,"AGE_UNITS":"Years","COUNTY":"Lee","last_edited_date":"2025-08-22T19:21:02Z"},"geometry":{"type":"Point","coordinates":[-81.77343703098839,26.540853186897582]}},
{"type":"Feature","properties":{"OBJECTID":204,"PANTHERID":"FP259","SEX":"Male","AGE":"2.75","LOCATION":"CR846. 5 miles east of SR29","CAUSE":"Vehicular trauma","YEAR":2020,"Date":"2020-05-01T00:00:00Z","PANTHERID2":" ","MORTID":null,"AGE_UNITS":"Years","COUNTY":"Collier","last_edited_date":"2025-08-22T19:21:02Z"},"geometry":{"type":"Point","coordinates":[-81.325844921357444,26.419195356110617]}},
{"type":"Feature","properties":{"OBJECTID":205,"PANTHERID":"FP261","SEX":"Female","AGE":"2.5","LOCATION":"Carcass was on right shoulder of southbound lanes, 290m west of the Toll Booth for Alligator Alley.   Near MM100","CAUSE":"Vehicular trauma","YEAR":2022,"Date":"2022-01-31T00:00:00Z","PANTHERID2":" ","MORTID":null,"AGE_UNITS":"Years","COUNTY":"Collier","last_edited_date":"2025-08-22T19:21:02Z"},"geometry":{"type":"Point","coordinates":[-81.671592884976832,26.156118004767041]}},
{"type":"Feature","properties":{"OBJECTID":206,"PANTHERID":"FP264","SEX":"Female","AGE":"5","LOCATION":"private property off Rookery Ln","CAUSE":"Unknown","YEAR":2022,"Date":"2022-05-23T00:00:00Z","PANTHERID2":" ","MORTID":null,"AGE_UNITS":"Months","COUNTY":"Collier","last_edited_date":"2025-08-22T19:21:02Z"},"geometry":{"type":"Point","coordinates":[-81.599063477303702,26.380064774073016]}},
{"type":"Feature","properties":{"OBJECTID":207,"PANTHERID":"FP265","SEX":"Female","AGE":"2","LOCATION":"Private land just east of Dupree Grade.  Located in pine palmetto just east of marsh.","CAUSE":"Unknown","YEAR":2024,"Date":"2024-05-12T00:00:00Z","PANTHERID2":" ","MORTID":null,"AGE_UNITS":"Years","COUNTY":"Collier","last_edited_date":"2025-08-22T19:21:02Z"},"geometry":{"type":"Point","coordinates":[-81.347555487030434,26.425871020528973]}},
{"type":"Feature","properties":{"OBJECTID":208,"PANTHERID":"K049","SEX":"Female","AGE":"7.8","LOCATION":"SR 29,1 mile N of Wagon Wheel Road","CAUSE":"Vehicular trauma","YEAR":2005,"Date":"2005-12-02T00:00:00Z","PANTHERID2":" ","MORTID":null,"AGE_UNITS":"Years","COUNTY":"Collier","last_edited_date":"2025-08-22T19:21:02Z"},"geometry":{"type":"Point","coordinates":[-81.350619446248345,25.976464971487886]}},
{"type":"Feature","properties":{"OBJECTID":209,"PANTHERID":"K076","SEX":"Male","AGE":"3","LOCATION":"CR 858, 1 mile W of SR 29","CAUSE":"Vehicular trauma","YEAR":2000,"Date":"2000-02-28T00:00:00Z","PANTHERID2":" ","MORTID":null,"AGE_UNITS":"Months","COUNTY":"Collier","last_edited_date":"2025-08-22T19:21:02Z"},"geometry":{"type":"Point","coordinates":[-81.364821668028839,26.293973144766742]}},
{"type":"Feature","properties":{"OBJECTID":210,"PANTHERID":"K094","SEX":"Male","AGE":"3.25","LOCATION":"I-75, near 98 mm, Ebound land","CAUSE":"Vehicular trauma","YEAR":2004,"Date":"2004-08-17T00:00:00Z","PANTHERID2":" ","MORTID":null,"AGE_UNITS":"Years","COUNTY":"Collier","last_edited_date":"2025-08-22T19:21:02Z"},"geometry":{"type":"Point","coordinates":[-81.626980522678224,26.154323653062523]}},
{"type":"Feature","properties":{"OBJECTID":211,"PANTHERID":"K098","SEX":"Female","AGE":"19","LOCATION":"CR 846,  3 miles E of Immokalee","CAUSE":"Vehicular trauma","YEAR":2002,"Date":"2002-11-26T00:00:00Z","PANTHERID2":"UCFP049","MORTID":null,"AGE_UNITS":"Months","COUNTY":"Collier","last_edited_date":"2025-08-22T19:21:02Z"},"geometry":{"type":"Point","coordinates":[-81.366432230296667,26.417300306737328]}},
{"type":"Feature","properties":{"OBJECTID":212,"PANTHERID":"K128","SEX":"Male","AGE":"2.5","LOCATION":"CR 832, 1 mile E of RR grade","CAUSE":"Vehicular trauma","YEAR":2004,"Date":"2004-12-07T00:00:00Z","PANTHERID2":" ","MORTID":null,"AGE_UNITS":"Years","COUNTY":"Hendry","last_edited_date":"2025-08-22T19:21:02Z"},"geometry":{"type":"Point","coordinates":[-81.364969645827045,26.598789224913514]}},
{"type":"Feature","properties":{"OBJECTID":213,"PANTHERID":"K153","SEX":"Male","AGE":"25","LOCATION":"CR951, 1.2 miles S of Davis Blvd.","CAUSE":"Vehicular trauma","YEAR":2005,"Date":"2005-08-29T00:00:00Z","PANTHERID2":" ","MORTID":null,"AGE_UNITS":"Months","COUNTY":"Collier","last_edited_date":"2025-08-22T19:21:02Z"},"geometry":{"type":"Point","coordinates":[-81.687066101103241,26.136532741613124]}},
{"type":"Feature","properties":{"OBJECTID":214,"PANTHERID":"K156","SEX":"Male","AGE":"6","LOCATION":"US 41, Turner River","CAUSE":"Vehicular trauma","YEAR":2004,"Date":"2004-08-02T00:00:00Z","PANTHERID2":" ","MORTID":null,"AGE_UNITS":"Months","COUNTY":"Collier","last_edited_date":"2025-08-22T19:21:02Z"},"geometry":{"type":"Point","coordinates":[-81.269483829770834,25.890629152240191]}},
{"type":"Feature","properties":{"OBJECTID":215,"PANTHERID":"K199","SEX":"Female","AGE":"20","LOCATION":"CR 832, 0.6 miles W of Forestry tower","CAUSE":"Vehicular trauma","YEAR":2007,"Date":"2007-06-23T00:00:00Z","PANTHERID2":" ","MORTID":null,"AGE_UNITS":"Months","COUNTY":"Hendry","last_edited_date":"2025-08-22T19:21:02Z"},"geometry":{"type":"Point","coordinates":[-81.344308549765813,26.601666780956911]}},
{"type":"Feature","properties":{"OBJECTID":216,"PANTHERID":"K203","SEX":"Male","AGE":"1","LOCATION":"BCSIR","CAUSE":"Unknown","YEAR":2006,"Date":"2006-04-06T00:00:00Z","PANTHERID2":" ","MORTID":null,"AGE_UNITS":"Months","COUNTY":"Collier","last_edited_date":"2025-08-22T19:21:02Z"},"geometry":{"type":"Point","coordinates":[-81.006202482710236,26.272179049125047]}},
{"type":"Feature","properties":{"OBJECTID":217,"PANTHERID":"K247","SEX":"Female","AGE":"17","LOCATION":"FPNWR, Unit12","CAUSE":"Unknown","YEAR":2007,"Date":"2007-05-03T00:00:00Z","PANTHERID2":" ","MORTID":null,"AGE_UNITS":"Days","COUNTY":"Collier","last_edited_date":"2025-08-22T19:21:02Z"},"geometry":{"type":"Point","coordinates":[-81.430287788084257,26.199904086213376]}},
{"type":"Feature","properties":{"OBJECTID":218,"PANTHERID":"K248","SEX":"Male","AGE":"17","LOCATION":"FPNWR, Unit12","CAUSE":"Unknown","YEAR":2007,"Date":"2007-05-03T00:00:00Z","PANTHERID2":" ","MORTID":null,"AGE_UNITS":"Days","COUNTY":"Collier","last_edited_date":"2025-08-22T19:21:02Z"},"geometry":{"type":"Point","coordinates":[-81.630493025016776,26.199102704714541]}},
{"type":"Feature","properties":{"OBJECTID":219,"PANTHERID":"K249","SEX":"Female","AGE":"11","LOCATION":"In den","CAUSE":"Unknown","YEAR":2007,"Date":"2007-04-27T00:00:00Z","PANTHERID2":" ","MORTID":null,"AGE_UNITS":"Days","COUNTY":"Collier","last_edited_date":"2025-08-22T19:21:02Z"},"geometry":{"type":"Point","coordinates":[-81.430317582741111,26.199840790919414]}},
{"type":"Feature","properties":{"OBJECTID":220,"PANTHERID":"K253","SEX":"Male","AGE":"18","LOCATION":"I-75, eastbound exit ramp for SR 29","CAUSE":"Vehicular trauma","YEAR":2009,"Date":"2009-01-17T00:00:00Z","PANTHERID2":" ","MORTID":null,"AGE_UNITS":"Months","COUNTY":"Collier","last_edited_date":"2025-08-22T19:21:02Z"},"geometry":{"type":"Point","coordinates":[-81.349338418712364,26.154325630039775]}},
{"type":"Feature","properties":{"OBJECTID":221,"PANTHERID":"K259","SEX":"Male","AGE":"18","LOCATION":"SBCNP","CAUSE":"Other","YEAR":2007,"Date":"2007-08-27T00:00:00Z","PANTHERID2":" ","MORTID":null,"AGE_UNITS":"Days","COUNTY":"Collier","last_edited_date":"2025-08-22T19:21:02Z"},"geometry":{"type":"Point","coordinates":[-81.225585587963636,26.056537304073494]}},
{"type":"Feature","properties":{"OBJECTID":222,"PANTHERID":"K260","SEX":"Unknown","AGE":"18","LOCATION":"SBCNP","CAUSE":"Other","YEAR":2007,"Date":"2007-08-27T00:00:00Z","PANTHERID2":" ","MORTID":null,"AGE_UNITS":"Days","COUNTY":"Collier","last_edited_date":"2025-08-22T19:21:02Z"},"geometry":{"type":"Point","coordinates":[-81.225585587963636,26.056537304073494]}},
{"type":"Feature","properties":{"OBJECTID":223,"PANTHERID":"K268","SEX":"Female","AGE":"14","LOCATION":"SBCNP","CAUSE":"Intraspecific aggression","YEAR":2008,"Date":"2008-05-23T00:00:00Z","PANTHERID2":" ","MORTID":null,"AGE_UNITS":"Days","COUNTY":"Collier","last_edited_date":"2025-08-22T19:21:02Z"},"geometry":{"type":"Point","coordinates":[-81.164563451198461,25.977355985020889]}},
{"type":"Feature","properties":{"OBJECTID":224,"PANTHERID":"K269","SEX":"Male","AGE":"14","LOCATION":"SBCNP","CAUSE":"Intraspecific aggression","YEAR":2008,"Date":"2008-05-23T00:00:00Z","PANTHERID2":" ","MORTID":null,"AGE_UNITS":"Days","COUNTY":"Collier","last_edited_date":"2025-08-22T19:21:02Z"},"geometry":{"type":"Point","coordinates":[-81.164563451198461,25.977355985020889]}},
{"type":"Feature","properties":{"OBJECTID":225,"PANTHERID":"K284","SEX":"Male","AGE":"1.5","LOCATION":"SR 29, S of Sears Rd.","CAUSE":"Vehicular trauma","YEAR":2011,"Date":"2011-01-07T00:00:00Z","PANTHERID2":" ","MORTID":null,"AGE_UNITS":"Years","COUNTY":"Hendry","last_edited_date":"2025-08-22T19:21:02Z"},"geometry":{"type":"Point","coordinates":[-81.436227959780538,26.640943370567594]}},
{"type":"Feature","properties":{"OBJECTID":226,"PANTHERID":"K322","SEX":"Female","AGE":"70","LOCATION":"SBCNP","CAUSE":"Other","YEAR":2011,"Date":"2011-05-03T00:00:00Z","PANTHERID2":" ","MORTID":null,"AGE_UNITS":"Days","COUNTY":"Collier","last_edited_date":"2025-08-22T19:21:02Z"},"geometry":{"type":"Point","coordinates":[-81.103244568551716,25.933437061549341]}},
{"type":"Feature","properties":{"OBJECTID":227,"PANTHERID":"K323","SEX":"Male","AGE":"35","LOCATION":"SBCNP","CAUSE":"Other","YEAR":2011,"Date":"2011-05-03T00:00:00Z","PANTHERID2":" ","MORTID":null,"AGE_UNITS":"Days","COUNTY":"Collier","last_edited_date":"2025-08-22T19:21:02Z"},"geometry":{"type":"Point","coordinates":[-81.103244568551716,25.933437061549341]}},
{"type":"Feature","properties":{"OBJECTID":228,"PANTHERID":"K324","SEX":"Male","AGE":"35","LOCATION":"SBCNP","CAUSE":"Other","YEAR":2011,"Date":"2011-05-03T00:00:00Z","PANTHERID2":" ","MORTID":null,"AGE_UNITS":"Days","COUNTY":"Collier","last_edited_date":"2025-08-22T19:21:02Z"},"geometry":{"type":"Point","coordinates":[-81.103244568551716,25.933437061549341]}},
{"type":"Feature","properties":{"OBJECTID":229,"PANTHERID":"K325","SEX":"Male","AGE":"35","LOCATION":"SBCNP","CAUSE":"Other","YEAR":2011,"Date":"2011-05-03T00:00:00Z","PANTHERID2":" ","MORTID":null,"AGE_UNITS":"Days","COUNTY":"Collier","last_edited_date":"2025-08-22T19:21:02Z"},"geometry":{"type":"Point","coordinates":[-81.103244568551716,25.933437061549341]}},
{"type":"Feature","properties":{"OBJECTID":230,"PANTHERID":"K351","SEX":"Male","AGE":"12","LOCATION":"SBCNP","CAUSE":"Unknown","YEAR":2012,"Date":"2012-02-23T00:00:00Z","PANTHERID2":" ","MORTID":null,"AGE_UNITS":"Days","COUNTY":"Collier","last_edited_date":"2025-08-22T19:21:02Z"},"geometry":{"type":"Point","coordinates":[-81.228363873008931,26.123054785264451]}},
{"type":"Feature","properties":{"OBJECTID":231,"PANTHERID":"K364","SEX":"Male","AGE":"6","LOCATION":"CR833.  1 mi south of Hill Grade (2.2 mi south of CR832)","CAUSE":"Vehicular trauma","YEAR":2017,"Date":"2017-11-13T00:00:00Z","PANTHERID2":"UCFP318","MORTID":null,"AGE_UNITS":"Years","COUNTY":"Hendry","last_edited_date":"2025-08-22T19:21:02Z"},"geometry":{"type":"Point","coordinates":[-81.126906686264803,26.572898739698992]}},
{"type":"Feature","properties":{"OBJECTID":232,"PANTHERID":"K368","SEX":"Female","AGE":"1.5","LOCATION":"Big Cypress National Preserve","CAUSE":"Illegal kill","YEAR":2013,"Date":"2013-12-07T00:00:00Z","PANTHERID2":" ","MORTID":null,"AGE_UNITS":"Years","COUNTY":"Collier","last_edited_date":"2025-08-22T19:21:02Z"},"geometry":{"type":"Point","coordinates":[-81.093922260280905,25.952568788624763]}},
{"type":"Feature","properties":{"OBJECTID":233,"PANTHERID":"K373","SEX":"Female","AGE":"9","LOCATION":"OK Slough.  On Keri Rd (CR832) at junction of North Loop trail entrance.","CAUSE":"Vehicular trauma","YEAR":2021,"Date":"2021-11-16T00:00:00Z","PANTHERID2":" ","MORTID":null,"AGE_UNITS":"Years","COUNTY":"Hendry","last_edited_date":"2025-08-22T19:21:02Z"},"geometry":{"type":"Point","coordinates":[-81.376761238827896,26.598921024796702]}},
{"type":"Feature","properties":{"OBJECTID":234,"PANTHERID":"K387","SEX":"Male","AGE":"2.8","LOCATION":"SR29 between Pollywog Rd and SR78","CAUSE":"Vehicular trauma","YEAR":2015,"Date":"2015-11-25T00:00:00Z","PANTHERID2":" ","MORTID":null,"AGE_UNITS":"Years","COUNTY":"Glades","last_edited_date":"2025-08-22T19:21:02Z"},"geometry":{"type":"Point","coordinates":[-81.419045208576762,26.805111665510537]}},
{"type":"Feature","properties":{"OBJECTID":235,"PANTHERID":"K388","SEX":"Male","AGE":"4","LOCATION":"US Sugar property east of CR385","CAUSE":"Intraspecific aggression","YEAR":2017,"Date":"2017-01-27T00:00:00Z","PANTHERID2":" ","MORTID":null,"AGE_UNITS":"Years","COUNTY":"Hendry","last_edited_date":"2025-08-22T19:21:02Z"},"geometry":{"type":"Point","coordinates":[-80.954786669529824,26.520759474602354]}},
{"type":"Feature","properties":{"OBJECTID":236,"PANTHERID":"K390","SEX":"Female","AGE":"1.33","LOCATION":"US41 approximately 350m SE of entrance to Collier-Seminole State Park (0.22 miles).   ","CAUSE":"Vehicular trauma","YEAR":2014,"Date":"2014-06-12T00:00:00Z","PANTHERID2":"UCFP215","MORTID":null,"AGE_UNITS":"Years","COUNTY":"Collier","last_edited_date":"2025-08-22T19:21:02Z"},"geometry":{"type":"Point","coordinates":[-81.587191612997358,25.990145812298312]}},
{"type":"Feature","properties":{"OBJECTID":237,"PANTHERID":"K402","SEX":"Male","AGE":"1.5","LOCATION":"I-75, 0.5 miles S of Exit 123, Corkscrew Road","CAUSE":"Vehicular trauma","YEAR":2015,"Date":"2015-03-07T00:00:00Z","PANTHERID2":" ","MORTID":null,"AGE_UNITS":"Years","COUNTY":"Lee","last_edited_date":"2025-08-22T19:21:02Z"},"geometry":{"type":"Point","coordinates":[-81.772994934377706,26.417721325405385]}},
{"type":"Feature","properties":{"OBJECTID":238,"PANTHERID":"K403","SEX":"Female","AGE":"2.5","LOCATION":"Daniel's Pkwy and Commerce lakes dr","CAUSE":"Vehicular trauma","YEAR":2016,"Date":"2016-05-26T00:00:00Z","PANTHERID2":" ","MORTID":null,"AGE_UNITS":"Years","COUNTY":"Lee","last_edited_date":"2025-08-22T19:21:02Z"},"geometry":{"type":"Point","coordinates":[-81.742950647869563,26.559451964036889]}},
{"type":"Feature","properties":{"OBJECTID":239,"PANTHERID":"K411","SEX":"Male","AGE":"3.7","LOCATION":"Immokalee Rd. About 0.5 mile south of curve to corkscrew sanctuary","CAUSE":"Vehicular trauma","YEAR":2017,"Date":"2017-11-07T00:00:00Z","PANTHERID2":" ","MORTID":null,"AGE_UNITS":"Years","COUNTY":"Collier","last_edited_date":"2025-08-22T19:21:02Z"},"geometry":{"type":"Point","coordinates":[-81.595385359514637,26.350879985053972]}},
{"type":"Feature","properties":{"OBJECTID":240,"PANTHERID":"K421","SEX":"Male","AGE":"2.4","LOCATION":"SR29, north of Immokalee","CAUSE":"Vehicular trauma","YEAR":2016,"Date":"2016-10-02T00:00:00Z","PANTHERID2":" ","MORTID":null,"AGE_UNITS":"Years","COUNTY":"Collier","last_edited_date":"2025-08-22T19:21:02Z"},"geometry":{"type":"Point","coordinates":[-81.434429451993552,26.462445307216136]}},
{"type":"Feature","properties":{"OBJECTID":241,"PANTHERID":"K430","SEX":"Male","AGE":"4","LOCATION":"On north edge of Stewart Blvd, approx 160m west of the Miller Canal Bridge","CAUSE":"Vehicular trauma","YEAR":2018,"Date":"2018-07-21T00:00:00Z","PANTHERID2":" ","MORTID":null,"AGE_UNITS":"Years","COUNTY":"Collier","last_edited_date":"2025-08-22T19:21:02Z"},"geometry":{"type":"Point","coordinates":[-81.555842276115499,26.054370593429688]}},
{"type":"Feature","properties":{"OBJECTID":242,"PANTHERID":"K432","SEX":"Female","AGE":"13","LOCATION":"I-75, mm 102","CAUSE":"Vehicular trauma","YEAR":2015,"Date":"2015-09-30T00:00:00Z","PANTHERID2":" ","MORTID":null,"AGE_UNITS":"Months","COUNTY":"Collier","last_edited_date":"2025-08-22T19:21:02Z"},"geometry":{"type":"Point","coordinates":[-81.695264918279094,26.162876931084444]}},
{"type":"Feature","properties":{"OBJECTID":243,"PANTHERID":"K504","SEX":"Female","AGE":"1.5","LOCATION":"I75 mile marker 132","CAUSE":"Vehicular trauma","YEAR":2021,"Date":"2021-04-12T00:00:00Z","PANTHERID2":" ","MORTID":null,"AGE_UNITS":"Years","COUNTY":"Lee","last_edited_date":"2025-08-22T19:21:02Z"},"geometry":{"type":"Point","coordinates":[-81.793943710247248,26.559637407770111]}},
{"type":"Feature","properties":{"OBJECTID":244,"PANTHERID":"K516","SEX":"Female","AGE":"3","LOCATION":"Pasture at the east end of 16th Ave SW and to the south","CAUSE":"Malnutrition","YEAR":2021,"Date":"2021-04-01T00:00:00Z","PANTHERID2":" ","MORTID":null,"AGE_UNITS":"Months","COUNTY":"Collier","last_edited_date":"2025-08-22T19:21:02Z"},"geometry":{"type":"Point","coordinates":[-81.627495526301587,26.198194825218241]}},
{"type":"Feature","properties":{"OBJECTID":245,"PANTHERID":"K517","SEX":"Male","AGE":"70","LOCATION":"Private property between Collier County property (formerly Hussey) and American Farms.","CAUSE":"Unknown","YEAR":2021,"Date":"2021-03-19T00:00:00Z","PANTHERID2":" ","MORTID":null,"AGE_UNITS":"Days","COUNTY":"Collier","last_edited_date":"2025-08-22T19:21:02Z"},"geometry":{"type":"Point","coordinates":[-81.63444248588506,26.17803807336994]}},
{"type":"Feature","properties":{"OBJECTID":246,"PANTHERID":"K518","SEX":"Male","AGE":"3","LOCATION":"Pasture at the east end of 16th Ave SW and to the south","CAUSE":"Malnutrition","YEAR":2021,"Date":"2021-04-01T00:00:00Z","PANTHERID2":" ","MORTID":null,"AGE_UNITS":"Months","COUNTY":"Collier","last_edited_date":"2025-08-22T19:21:02Z"},"geometry":{"type":"Point","coordinates":[-81.627495526301587,26.198194825218241]}},
{"type":"Feature","properties":{"OBJECTID":247,"PANTHERID":"K519","SEX":"Female","AGE":"6","LOCATION":"Inside east bound lane of Rattlesnake Hammock and Parker's Hammock roads.","CAUSE":"Vehicular trauma","YEAR":2022,"Date":"2022-09-05T00:00:00Z","PANTHERID2":" ","MORTID":null,"AGE_UNITS":"Months","COUNTY":"Collier","last_edited_date":"2025-08-22T19:21:02Z"},"geometry":{"type":"Point","coordinates":[-81.709317519780953,26.109021048873576]}},
{"type":"Feature","properties":{"OBJECTID":248,"PANTHERID":"K520","SEX":"Female","AGE":"2.5","LOCATION":"south naples near Wildflower Way.  Remains were under fairly thick palmetto cover, not cached.","CAUSE":"Unknown","YEAR":2022,"Date":"2022-05-19T00:00:00Z","PANTHERID2":" ","MORTID":null,"AGE_UNITS":"Months","COUNTY":"Collier","last_edited_date":"2025-08-22T19:21:02Z"},"geometry":{"type":"Point","coordinates":[-81.716027222162992,26.095723845661276]}},
{"type":"Feature","properties":{"OBJECTID":249,"PANTHERID":"PC1144","SEX":"Female","AGE":"4.5","LOCATION":"I75 southbound lanes, just west of the 101 exit ramp.  Located on the inside (north) shoulder of I75. ","CAUSE":"Vehicular trauma","YEAR":2018,"Date":"2018-01-07T00:00:00Z","PANTHERID2":" ","MORTID":null,"AGE_UNITS":"Months","COUNTY":"Collier","last_edited_date":"2025-08-22T19:21:02Z"},"geometry":{"type":"Point","coordinates":[-81.70033198552612,26.163583743893529]}},
{"type":"Feature","properties":{"OBJECTID":250,"PANTHERID":"UCFP001","SEX":"Unknown","AGE":" ","LOCATION":"Skin and partial skeleton collected in Immokalee - approximate location.","CAUSE":"Unknown","YEAR":1949,"Date":"1949-11-30T00:00:00Z","PANTHERID2":" ","MORTID":null,"AGE_UNITS":" ","COUNTY":"Collier","last_edited_date":"2025-08-22T19:21:02Z"},"geometry":{"type":"Point","coordinates":[-81.432202864383697,26.419554555157802]}},
{"type":"Feature","properties":{"OBJECTID":251,"PANTHERID":"UCFP002","SEX":"Male","AGE":"2.5","LOCATION":"L-28 area - approximate location.","CAUSE":"Illegal kill","YEAR":1978,"Date":"1978-03-12T00:00:00Z","PANTHERID2":" ","MORTID":null,"AGE_UNITS":"Years","COUNTY":"Miami-Dade","last_edited_date":"2025-08-22T19:21:02Z"},"geometry":{"type":"Point","coordinates":[-80.821837079860643,25.763401183049403]}},
{"type":"Feature","properties":{"OBJECTID":252,"PANTHERID":"UCFP003","SEX":"Male","AGE":" ","LOCATION":"US 41, Gannet Strand","CAUSE":"Unknown","YEAR":1979,"Date":"1979-02-01T00:00:00Z","PANTHERID2":" ","MORTID":null,"AGE_UNITS":" ","COUNTY":"Collier","last_edited_date":"2025-08-22T19:21:02Z"},"geometry":{"type":"Point","coordinates":[-81.059665743455938,25.859505948837104]}},
{"type":"Feature","properties":{"OBJECTID":253,"PANTHERID":"UCFP004","SEX":"Female","AGE":" ","LOCATION":"Highway 29, 200 ft north of Alligator alley","CAUSE":"Vehicular trauma","YEAR":1979,"Date":"1979-12-23T00:00:00Z","PANTHERID2":" ","MORTID":null,"AGE_UNITS":" ","COUNTY":"Collier","last_edited_date":"2025-08-22T19:21:02Z"},"geometry":{"type":"Point","coordinates":[-81.345124952537617,26.157297486168837]}},
{"type":"Feature","properties":{"OBJECTID":254,"PANTHERID":"UCFP005","SEX":"Male","AGE":"2","LOCATION":"SR 29 near Sunniland","CAUSE":"Vehicular trauma","YEAR":1980,"Date":"1980-02-07T00:00:00Z","PANTHERID2":" ","MORTID":null,"AGE_UNITS":"Years","COUNTY":"Collier","last_edited_date":"2025-08-22T19:21:02Z"},"geometry":{"type":"Point","coordinates":[-81.342334426501083,26.284195536557394]}},
{"type":"Feature","properties":{"OBJECTID":255,"PANTHERID":"UCFP006","SEX":"Female","AGE":"2","LOCATION":"SR 29 near Copeland","CAUSE":"Vehicular trauma","YEAR":1981,"Date":"1981-04-19T00:00:00Z","PANTHERID2":" ","MORTID":null,"AGE_UNITS":"Years","COUNTY":"Collier","last_edited_date":"2025-08-22T19:21:02Z"},"geometry":{"type":"Point","coordinates":[-81.345558202400554,26.018736442450191]}},
{"type":"Feature","properties":{"OBJECTID":256,"PANTHERID":"UCFP008","SEX":"Male","AGE":"4.5","LOCATION":"BCSIR - approximate location.","CAUSE":"Illegal kill","YEAR":1983,"Date":"1983-12-03T00:00:00Z","PANTHERID2":" ","MORTID":null,"AGE_UNITS":"Years","COUNTY":"Collier","last_edited_date":"2025-08-22T19:21:02Z"},"geometry":{"type":"Point","coordinates":[-81.022087264412235,26.220817381485674]}},
{"type":"Feature","properties":{"OBJECTID":257,"PANTHERID":"UCFP009","SEX":"Male","AGE":"3","LOCATION":"US 27 Palmdale at Fisheating Creek Bridge","CAUSE":"Vehicular trauma","YEAR":1983,"Date":"1983-03-17T00:00:00Z","PANTHERID2":" ","MORTID":null,"AGE_UNITS":"Years","COUNTY":"Glades","last_edited_date":"2025-08-22T19:21:02Z"},"geometry":{"type":"Point","coordinates":[-81.315780520317148,26.935040537392567]}},
{"type":"Feature","properties":{"OBJECTID":258,"PANTHERID":"UCFP010","SEX":"Female","AGE":" ","LOCATION":"L-8 canal near Canal Point - approximate location","CAUSE":"Illegal kill","YEAR":1983,"Date":"1983-05-22T00:00:00Z","PANTHERID2":" ","MORTID":null,"AGE_UNITS":" ","COUNTY":"Palm Beach","last_edited_date":"2025-08-22T19:21:02Z"},"geometry":{"type":"Point","coordinates":[-80.580911775444534,26.93309224779037]}},
{"type":"Feature","properties":{"OBJECTID":259,"PANTHERID":"UCFP011","SEX":"Female","AGE":"2.5","LOCATION":"Corbett WMA - approximate location","CAUSE":"Illegal kill","YEAR":1984,"Date":"1984-10-26T00:00:00Z","PANTHERID2":" ","MORTID":null,"AGE_UNITS":"Years","COUNTY":"Palm Beach","last_edited_date":"2025-08-22T19:21:02Z"},"geometry":{"type":"Point","coordinates":[-80.435953982733992,26.87194314859487]}},
{"type":"Feature","properties":{"OBJECTID":260,"PANTHERID":"UCFP012","SEX":"Female","AGE":" ","LOCATION":"SR 84 (now I-75)","CAUSE":"Vehicular trauma","YEAR":1984,"Date":"1984-11-12T00:00:00Z","PANTHERID2":" ","MORTID":null,"AGE_UNITS":" ","COUNTY":"Collier","last_edited_date":"2025-08-22T19:21:02Z"},"geometry":{"type":"Point","coordinates":[-81.419832721346097,26.153649799565791]}},
{"type":"Feature","properties":{"OBJECTID":261,"PANTHERID":"UCFP013","SEX":"Female","AGE":" ","LOCATION":"Old MM16 on Alley bordered by FPNWR","CAUSE":"Vehicular trauma","YEAR":1985,"Date":"1985-01-08T00:00:00Z","PANTHERID2":" ","MORTID":null,"AGE_UNITS":" ","COUNTY":"Collier","last_edited_date":"2025-08-22T19:21:02Z"},"geometry":{"type":"Point","coordinates":[-81.417891360572,26.153547091733412]}},
{"type":"Feature","properties":{"OBJECTID":262,"PANTHERID":"UCFP014","SEX":"Female","AGE":"2.5","LOCATION":"Collier Seminole State Park","CAUSE":"Illegal kill","YEAR":1985,"Date":"1985-03-25T00:00:00Z","PANTHERID2":" ","MORTID":null,"AGE_UNITS":"Years","COUNTY":"Collier","last_edited_date":"2025-08-22T19:21:02Z"},"geometry":{"type":"Point","coordinates":[-81.593406836480526,25.998256093581844]}},
{"type":"Feature","properties":{"OBJECTID":263,"PANTHERID":"UCFP015","SEX":"Female","AGE":"4.5","LOCATION":"SR 84 (now I-75)","CAUSE":"Vehicular trauma","YEAR":1986,"Date":"1986-11-15T00:00:00Z","PANTHERID2":" ","MORTID":null,"AGE_UNITS":"Years","COUNTY":"Collier","last_edited_date":"2025-08-22T19:21:02Z"},"geometry":{"type":"Point","coordinates":[-81.415009308095691,26.15338386343003]}},
{"type":"Feature","properties":{"OBJECTID":264,"PANTHERID":"UCFP017","SEX":"Male","AGE":"10","LOCATION":"Crane Swamp, Farmton WMA - approximate location. ","CAUSE":"Intraspecific aggression","YEAR":1987,"Date":"1987-12-19T00:00:00Z","PANTHERID2":" ","MORTID":null,"AGE_UNITS":" ","COUNTY":"Volusia","last_edited_date":"2025-08-22T19:21:02Z"},"geometry":{"type":"Point","coordinates":[-80.999787718392227,28.84708918864742]}},
{"type":"Feature","properties":{"OBJECTID":265,"PANTHERID":"UCFP018","SEX":"Male","AGE":"3","LOCATION":"CR 850, 1.5 miles S of SR 82","CAUSE":"Vehicular trauma","YEAR":1989,"Date":"1989-01-25T00:00:00Z","PANTHERID2":" ","MORTID":null,"AGE_UNITS":"Years","COUNTY":"Collier","last_edited_date":"2025-08-22T19:21:02Z"},"geometry":{"type":"Point","coordinates":[-81.534071888729301,26.492490200718102]}},
{"type":"Feature","properties":{"OBJECTID":266,"PANTHERID":"UCFP019","SEX":"Male","AGE":"10","LOCATION":"CR 835, 1 mile E of CR 833","CAUSE":"Vehicular trauma","YEAR":1990,"Date":"1990-06-18T00:00:00Z","PANTHERID2":" ","MORTID":null,"AGE_UNITS":"Months","COUNTY":"Hendry","last_edited_date":"2025-08-22T19:21:02Z"},"geometry":{"type":"Point","coordinates":[-81.010814418098533,26.431981473551204]}},
{"type":"Feature","properties":{"OBJECTID":267,"PANTHERID":"UCFP020","SEX":"Female","AGE":"9","LOCATION":"east side SR 29, at Pistol Pond","CAUSE":"Vehicular trauma","YEAR":1991,"Date":"1991-02-04T00:00:00Z","PANTHERID2":" ","MORTID":null,"AGE_UNITS":"Months","COUNTY":"Collier","last_edited_date":"2025-08-22T19:21:02Z"},"geometry":{"type":"Point","coordinates":[-81.341804162894988,26.246778834702713]}},
{"type":"Feature","properties":{"OBJECTID":268,"PANTHERID":"UCFP021","SEX":"Female","AGE":"7","LOCATION":"SR 29, Sunniland","CAUSE":"Vehicular trauma","YEAR":1992,"Date":"1992-11-09T00:00:00Z","PANTHERID2":" ","MORTID":null,"AGE_UNITS":"Months","COUNTY":" ","last_edited_date":"2025-08-22T19:21:02Z"},"geometry":{"type":"Point","coordinates":[-81.342130221444151,26.265794065960801]}},
{"type":"Feature","properties":{"OBJECTID":269,"PANTHERID":"UCFP022","SEX":"Male","AGE":"2.5","LOCATION":"Daniels Rd, 1 mile E of I-75","CAUSE":"Vehicular trauma","YEAR":1993,"Date":"1993-08-09T00:00:00Z","PANTHERID2":" ","MORTID":null,"AGE_UNITS":"Years","COUNTY":"Lee","last_edited_date":"2025-08-22T19:21:02Z"},"geometry":{"type":"Point","coordinates":[-81.775480441727666,26.547667766059718]}},
{"type":"Feature","properties":{"OBJECTID":270,"PANTHERID":"UCFP023","SEX":"Male","AGE":"8","LOCATION":"County Line Road, 3 miles N of CR 858","CAUSE":"Vehicular trauma","YEAR":1994,"Date":"1994-02-28T00:00:00Z","PANTHERID2":" ","MORTID":null,"AGE_UNITS":"Months","COUNTY":"Collier","last_edited_date":"2025-08-22T19:21:02Z"},"geometry":{"type":"Point","coordinates":[-81.271280982429062,26.36707471871544]}},
{"type":"Feature","properties":{"OBJECTID":271,"PANTHERID":"UCFP024","SEX":"Female","AGE":"10","LOCATION":"FPNWR","CAUSE":"Infectious disease - Other","YEAR":1996,"Date":"1996-03-18T00:00:00Z","PANTHERID2":" ","MORTID":null,"AGE_UNITS":"Days","COUNTY":" ","last_edited_date":"2025-08-22T19:21:02Z"},"geometry":{"type":"Point","coordinates":[-81.354356477451915,26.185916775237448]}},
{"type":"Feature","properties":{"OBJECTID":272,"PANTHERID":"UCFP026","SEX":"Male","AGE":"4","LOCATION":"US 41","CAUSE":"Vehicular trauma","YEAR":1998,"Date":"1998-09-17T00:00:00Z","PANTHERID2":" ","MORTID":null,"AGE_UNITS":"Years","COUNTY":" ","last_edited_date":"2025-08-22T19:21:02Z"},"geometry":{"type":"Point","coordinates":[-81.028825572954688,25.856454163847907]}},
{"type":"Feature","properties":{"OBJECTID":273,"PANTHERID":"UCFP027","SEX":"Female","AGE":"2","LOCATION":"Farm Road E of Hendry Prison","CAUSE":"Vehicular trauma","YEAR":1999,"Date":"1999-07-08T00:00:00Z","PANTHERID2":" ","MORTID":null,"AGE_UNITS":"Years","COUNTY":"Hendry","last_edited_date":"2025-08-22T19:21:02Z"},"geometry":{"type":"Point","coordinates":[-81.185307256007761,26.296746190499302]}},
{"type":"Feature","properties":{"OBJECTID":274,"PANTHERID":"UCFP028","SEX":"Male","AGE":"2.5","LOCATION":"SR 25 S of Moore Haven","CAUSE":"Vehicular trauma","YEAR":1972,"Date":"1972-02-13T00:00:00Z","PANTHERID2":" ","MORTID":null,"AGE_UNITS":"Years","COUNTY":"Glades","last_edited_date":"2025-08-22T19:21:02Z"},"geometry":{"type":"Point","coordinates":[-81.082816810794043,26.784462661028016]}},
{"type":"Feature","properties":{"OBJECTID":275,"PANTHERID":"UCFP029","SEX":"Male","AGE":"4","LOCATION":"CR 832, 5.5 miles E of SR 29","CAUSE":"Vehicular trauma","YEAR":1996,"Date":"1996-04-24T00:00:00Z","PANTHERID2":" ","MORTID":null,"AGE_UNITS":"Years","COUNTY":"Hendry","last_edited_date":"2025-08-22T19:21:02Z"},"geometry":{"type":"Point","coordinates":[-81.34969560809246,26.602836447146167]}},
{"type":"Feature","properties":{"OBJECTID":276,"PANTHERID":"UCFP030","SEX":"Female","AGE":"1","LOCATION":"US 41, Turner River","CAUSE":"Vehicular trauma","YEAR":1996,"Date":"1996-05-02T00:00:00Z","PANTHERID2":" ","MORTID":null,"AGE_UNITS":"Years","COUNTY":"Collier","last_edited_date":"2025-08-22T19:21:02Z"},"geometry":{"type":"Point","coordinates":[-81.269823720281963,25.89083620972912]}},
{"type":"Feature","properties":{"OBJECTID":277,"PANTHERID":"UCFP031","SEX":"Male","AGE":"0.75","LOCATION":"CR 846, 1.5 miles W of CR 858","CAUSE":"Vehicular trauma","YEAR":1997,"Date":"1997-07-18T00:00:00Z","PANTHERID2":" ","MORTID":null,"AGE_UNITS":"Years","COUNTY":"Collier","last_edited_date":"2025-08-22T19:21:02Z"},"geometry":{"type":"Point","coordinates":[-81.313364376729595,26.420794337253291]}},
{"type":"Feature","properties":{"OBJECTID":278,"PANTHERID":"UCFP033","SEX":"Male","AGE":"1","LOCATION":"2 mi north of BCSIR on CR833","CAUSE":"Vehicular trauma","YEAR":1999,"Date":"1999-10-29T00:00:00Z","PANTHERID2":" ","MORTID":null,"AGE_UNITS":"Years","COUNTY":"Hendry","last_edited_date":"2025-08-22T19:21:02Z"},"geometry":{"type":"Point","coordinates":[-81.01789650271887,26.37647731488379]}},
{"type":"Feature","properties":{"OBJECTID":279,"PANTHERID":"UCFP034","SEX":"Male","AGE":"1.75","LOCATION":"CR 846, 2 miles E of Collier/Hendry line","CAUSE":"Vehicular trauma","YEAR":2000,"Date":"2000-03-23T00:00:00Z","PANTHERID2":" ","MORTID":null,"AGE_UNITS":"Years","COUNTY":"Hendry","last_edited_date":"2025-08-22T19:21:02Z"},"geometry":{"type":"Point","coordinates":[-81.212611185676565,26.426189519348174]}},
{"type":"Feature","properties":{"OBJECTID":280,"PANTHERID":"UCFP035","SEX":"Male","AGE":"1.75","LOCATION":"CR 846,  2 miles E of Immokalee","CAUSE":"Vehicular trauma","YEAR":2000,"Date":"2000-06-23T00:00:00Z","PANTHERID2":" ","MORTID":null,"AGE_UNITS":"Years","COUNTY":"Collier","last_edited_date":"2025-08-22T19:21:02Z"},"geometry":{"type":"Point","coordinates":[-81.382063957160881,26.416807942538238]}},
{"type":"Feature","properties":{"OBJECTID":281,"PANTHERID":"UCFP036","SEX":"Female","AGE":"1.7","LOCATION":"CR 846, near big powerline","CAUSE":"Vehicular trauma","YEAR":2000,"Date":"2000-08-13T00:00:00Z","PANTHERID2":" ","MORTID":null,"AGE_UNITS":"Years","COUNTY":"Hendry","last_edited_date":"2025-08-22T19:21:02Z"},"geometry":{"type":"Point","coordinates":[-81.233384211339654,26.423032990282273]}},
{"type":"Feature","properties":{"OBJECTID":282,"PANTHERID":"UCFP037","SEX":"Female","AGE":"5","LOCATION":"CR 846, 4.5 miles E of SR 29. Hit in east bound lane. Appeared to be drug 40-50 ft to opposite side of road (west bound) and then onto shoulder at road in grass (grass in mouth)","CAUSE":"Vehicular trauma","YEAR":2000,"Date":"2000-12-29T00:00:00Z","PANTHERID2":" ","MORTID":null,"AGE_UNITS":"Years","COUNTY":"Collier","last_edited_date":"2025-08-22T19:21:02Z"},"geometry":{"type":"Point","coordinates":[-81.33685961025617,26.417102139632011]}},
{"type":"Feature","properties":{"OBJECTID":283,"PANTHERID":"UCFP038","SEX":"Female","AGE":"2","LOCATION":"CR 833,  1 mile N of BCSIR","CAUSE":"Vehicular trauma","YEAR":2001,"Date":"2001-04-14T00:00:00Z","PANTHERID2":" ","MORTID":null,"AGE_UNITS":"Years","COUNTY":"Hendry","last_edited_date":"2025-08-22T19:21:02Z"},"geometry":{"type":"Point","coordinates":[-81.010706709310043,26.351592989364697]}},
{"type":"Feature","properties":{"OBJECTID":284,"PANTHERID":"UCFP039","SEX":"Female","AGE":"10","LOCATION":"SR 29, 1/2 mile N of Jerome","CAUSE":"Vehicular trauma","YEAR":2001,"Date":"2001-05-07T00:00:00Z","PANTHERID2":" ","MORTID":null,"AGE_UNITS":"Months","COUNTY":"Collier","last_edited_date":"2025-08-22T19:21:02Z"},"geometry":{"type":"Point","coordinates":[-81.346843209095823,26.003707866344712]}},
{"type":"Feature","properties":{"OBJECTID":285,"PANTHERID":"UCFP040","SEX":"Male","AGE":"10","LOCATION":"SR 29, 1/2 mile N of Jerome,  likely hit on road shoulder, found off to side","CAUSE":"Vehicular trauma","YEAR":2001,"Date":"2001-05-07T00:00:00Z","PANTHERID2":" ","MORTID":null,"AGE_UNITS":"Months","COUNTY":"Collier","last_edited_date":"2025-08-22T19:21:02Z"},"geometry":{"type":"Point","coordinates":[-81.346906763336648,26.001531542618675]}},
{"type":"Feature","properties":{"OBJECTID":286,"PANTHERID":"UCFP041","SEX":"Male","AGE":"2","LOCATION":"SR 29, Sunniland, near mine entrance","CAUSE":"Vehicular trauma","YEAR":2001,"Date":"2001-05-22T00:00:00Z","PANTHERID2":" ","MORTID":null,"AGE_UNITS":"Years","COUNTY":"Collier","last_edited_date":"2025-08-22T19:21:02Z"},"geometry":{"type":"Point","coordinates":[-81.342346250794563,26.267743907816005]}},
{"type":"Feature","properties":{"OBJECTID":287,"PANTHERID":"UCFP042","SEX":"Female","AGE":"4","LOCATION":"CR 846, 1 mile E of big powerline","CAUSE":"Vehicular trauma","YEAR":2001,"Date":"2001-06-14T00:00:00Z","PANTHERID2":" ","MORTID":null,"AGE_UNITS":"Years","COUNTY":"Hendry","last_edited_date":"2025-08-22T19:21:02Z"},"geometry":{"type":"Point","coordinates":[-81.206212946237542,26.426216948064958]}},
{"type":"Feature","properties":{"OBJECTID":288,"PANTHERID":"UCFP044","SEX":"Unknown","AGE":"14","LOCATION":" ","CAUSE":"Unknown","YEAR":1996,"Date":"1996-02-06T00:00:00Z","PANTHERID2":" ","MORTID":null,"AGE_UNITS":"Days","COUNTY":" ","last_edited_date":"2025-08-22T19:21:02Z"},"geometry":{"type":"Point","coordinates":[-81.002001326322926,25.997441687246987]}},
{"type":"Feature","properties":{"OBJECTID":289,"PANTHERID":"UCFP045","SEX":"Male","AGE":"3","LOCATION":"US 27, 3.4 miles N of Palmdale","CAUSE":"Vehicular trauma","YEAR":2002,"Date":"2002-04-05T00:00:00Z","PANTHERID2":" ","MORTID":null,"AGE_UNITS":"Years","COUNTY":"Glades","last_edited_date":"2025-08-22T19:21:02Z"},"geometry":{"type":"Point","coordinates":[-81.330658478635485,27.000517618599989]}},
{"type":"Feature","properties":{"OBJECTID":290,"PANTHERID":"UCFP046","SEX":"Male","AGE":"6","LOCATION":"SR 29, 1/2 mile N of Deep Lake","CAUSE":"Vehicular trauma","YEAR":2002,"Date":"2002-04-10T00:00:00Z","PANTHERID2":" ","MORTID":null,"AGE_UNITS":"Months","COUNTY":"Collier","last_edited_date":"2025-08-22T19:21:02Z"},"geometry":{"type":"Point","coordinates":[-81.344624683326046,26.058370084984666]}},
{"type":"Feature","properties":{"OBJECTID":291,"PANTHERID":"UCFP048","SEX":"Female","AGE":"8.5","LOCATION":"CR 846,  5 miles E of Immokalee","CAUSE":"Vehicular trauma","YEAR":2002,"Date":"2002-11-11T00:00:00Z","PANTHERID2":" ","MORTID":null,"AGE_UNITS":"Months","COUNTY":"Collier","last_edited_date":"2025-08-22T19:21:02Z"},"geometry":{"type":"Point","coordinates":[-81.315734222308464,26.418288021384818]}},
{"type":"Feature","properties":{"OBJECTID":292,"PANTHERID":"UCFP051","SEX":"Male","AGE":"1.5","LOCATION":"I-4, 0.25 miles E of I-75, near Tampa","CAUSE":"Vehicular trauma","YEAR":2003,"Date":"2003-03-10T00:00:00Z","PANTHERID2":" ","MORTID":null,"AGE_UNITS":"Years","COUNTY":"Hillsborough","last_edited_date":"2025-08-22T19:21:02Z"},"geometry":{"type":"Point","coordinates":[-82.310863911088589,28.00458434497822]}},
{"type":"Feature","properties":{"OBJECTID":293,"PANTHERID":"UCFP052","SEX":"Male","AGE":"2","LOCATION":"CR 833, 2 miles S of CR 832","CAUSE":"Vehicular trauma","YEAR":2003,"Date":"2003-03-22T00:00:00Z","PANTHERID2":" ","MORTID":null,"AGE_UNITS":"Years","COUNTY":"Hendry","last_edited_date":"2025-08-22T19:21:02Z"},"geometry":{"type":"Point","coordinates":[-81.127013936141608,26.569991264297748]}},
{"type":"Feature","properties":{"OBJECTID":294,"PANTHERID":"UCFP053","SEX":"Female","AGE":"2.5","LOCATION":"SR 29, 1.4 miles N of CR 858","CAUSE":"Vehicular trauma","YEAR":2003,"Date":"2003-05-26T00:00:00Z","PANTHERID2":" ","MORTID":null,"AGE_UNITS":"Years","COUNTY":"Collier","last_edited_date":"2025-08-22T19:21:02Z"},"geometry":{"type":"Point","coordinates":[-81.343210123593138,26.323064941139357]}},
{"type":"Feature","properties":{"OBJECTID":295,"PANTHERID":"UCFP054","SEX":"Male","AGE":"9","LOCATION":"SR 29, 1.7 miles N of CR 858","CAUSE":"Vehicular trauma","YEAR":2003,"Date":"2003-06-03T00:00:00Z","PANTHERID2":" ","MORTID":null,"AGE_UNITS":"Months","COUNTY":"Collier","last_edited_date":"2025-08-22T19:21:02Z"},"geometry":{"type":"Point","coordinates":[-81.343341695782371,26.330306168483204]}},
{"type":"Feature","properties":{"OBJECTID":296,"PANTHERID":"UCFP055","SEX":"Male","AGE":"1","LOCATION":"BCSIR Safari Pen","CAUSE":"Unknown","YEAR":2003,"Date":"2003-06-13T00:00:00Z","PANTHERID2":" ","MORTID":null,"AGE_UNITS":"Years","COUNTY":"Hendry","last_edited_date":"2025-08-22T19:21:02Z"},"geometry":{"type":"Point","coordinates":[-81.067848763239851,26.326033054767819]}},
{"type":"Feature","properties":{"OBJECTID":297,"PANTHERID":"UCFP056","SEX":"Male","AGE":"1","LOCATION":"BCSIR Safari Pen","CAUSE":"Unknown","YEAR":2003,"Date":"2003-06-14T00:00:00Z","PANTHERID2":" ","MORTID":null,"AGE_UNITS":"Years","COUNTY":"Hendry","last_edited_date":"2025-08-22T19:21:02Z"},"geometry":{"type":"Point","coordinates":[-81.064710087469948,26.321718427077453]}},
{"type":"Feature","properties":{"OBJECTID":298,"PANTHERID":"UCFP057","SEX":"Female","AGE":"5","LOCATION":"BCSIR Safari Pen","CAUSE":"Infectious disease - Pseudorabies","YEAR":2003,"Date":"2003-06-16T00:00:00Z","PANTHERID2":" ","MORTID":null,"AGE_UNITS":"Years","COUNTY":"Hendry","last_edited_date":"2025-08-22T19:21:02Z"},"geometry":{"type":"Point","coordinates":[-81.065874663946033,26.325772121694872]}},
{"type":"Feature","properties":{"OBJECTID":299,"PANTHERID":"UCFP058","SEX":"Female","AGE":"1","LOCATION":"CR 846, 3/4 miles E of Everglades Blvd.","CAUSE":"Vehicular trauma","YEAR":2003,"Date":"2003-06-30T00:00:00Z","PANTHERID2":" ","MORTID":null,"AGE_UNITS":"Years","COUNTY":"Collier","last_edited_date":"2025-08-22T19:21:02Z"},"geometry":{"type":"Point","coordinates":[-81.48167349421972,26.36466162308632]}},
{"type":"Feature","properties":{"OBJECTID":300,"PANTHERID":"UCFP059","SEX":"Male","AGE":"3","LOCATION":"CR 858, 1.2 miles W of SR 29","CAUSE":"Vehicular trauma","YEAR":2003,"Date":"2003-11-02T00:00:00Z","PANTHERID2":" ","MORTID":null,"AGE_UNITS":"Months","COUNTY":"Collier","last_edited_date":"2025-08-22T19:21:02Z"},"geometry":{"type":"Point","coordinates":[-81.362220391230281,26.295000055247755]}},
{"type":"Feature","properties":{"OBJECTID":301,"PANTHERID":"UCFP060","SEX":"Male","AGE":"2.5","LOCATION":"US 41,  1 mile E of CR 92","CAUSE":"Other","YEAR":2003,"Date":"2003-12-15T00:00:00Z","PANTHERID2":" ","MORTID":null,"AGE_UNITS":"Years","COUNTY":"Collier","last_edited_date":"2025-08-22T19:21:02Z"},"geometry":{"type":"Point","coordinates":[-81.579416914426233,25.987775289569967]}},
{"type":"Feature","properties":{"OBJECTID":302,"PANTHERID":"UCFP061","SEX":"Female","AGE":"2.5","LOCATION":"CR 833, 1.7 miles N of CR 846 intersection","CAUSE":"Vehicular trauma","YEAR":2003,"Date":"2003-12-25T00:00:00Z","PANTHERID2":" ","MORTID":null,"AGE_UNITS":"Years","COUNTY":"Hendry","last_edited_date":"2025-08-22T19:21:02Z"},"geometry":{"type":"Point","coordinates":[-81.125414357945743,26.484079964864435]}},
{"type":"Feature","properties":{"OBJECTID":303,"PANTHERID":"UCFP062","SEX":"Female","AGE":"8","LOCATION":"US 41, near 40 Mile Bend","CAUSE":"Vehicular trauma","YEAR":2004,"Date":"2004-01-11T00:00:00Z","PANTHERID2":" ","MORTID":null,"AGE_UNITS":"Months","COUNTY":"Miami-Dade","last_edited_date":"2025-08-22T19:21:02Z"},"geometry":{"type":"Point","coordinates":[-80.854078789398329,25.786897336429117]}},
{"type":"Feature","properties":{"OBJECTID":304,"PANTHERID":"UCFP063","SEX":"Male","AGE":"4.5","LOCATION":"I-75, 99 mm, Ebound lane","CAUSE":"Vehicular trauma","YEAR":2004,"Date":"2004-02-26T00:00:00Z","PANTHERID2":" ","MORTID":null,"AGE_UNITS":"Years","COUNTY":"Collier","last_edited_date":"2025-08-22T19:21:02Z"},"geometry":{"type":"Point","coordinates":[-81.647303407833761,26.154829682578512]}},
{"type":"Feature","properties":{"OBJECTID":305,"PANTHERID":"UCFP065","SEX":"Male","AGE":"2","LOCATION":"SR 29, 200 yds. N of Bear Island Grade","CAUSE":"Vehicular trauma","YEAR":2004,"Date":"2004-04-06T00:00:00Z","PANTHERID2":" ","MORTID":null,"AGE_UNITS":"Years","COUNTY":"Collier","last_edited_date":"2025-08-22T19:21:02Z"},"geometry":{"type":"Point","coordinates":[-81.344414019010259,26.221779029448488]}},
{"type":"Feature","properties":{"OBJECTID":306,"PANTHERID":"UCFP066","SEX":"Male","AGE":"3","LOCATION":"I-75, 93 mm,  0.5 miles W of Everglades Blvd.","CAUSE":"Vehicular trauma","YEAR":2004,"Date":"2004-06-27T00:00:00Z","PANTHERID2":" ","MORTID":null,"AGE_UNITS":"Years","COUNTY":"Collier","last_edited_date":"2025-08-22T19:21:02Z"},"geometry":{"type":"Point","coordinates":[-81.554828286105447,26.150935682016449]}},
{"type":"Feature","properties":{"OBJECTID":307,"PANTHERID":"UCFP067","SEX":"Female","AGE":"7","LOCATION":"Appears kitten had been laying at site several hours, grass was matted down from rolling around (kitten too young to walk on own yet). No evidence that mother was laying at site","CAUSE":"Unknown","YEAR":2004,"Date":"2004-09-02T00:00:00Z","PANTHERID2":" ","MORTID":null,"AGE_UNITS":"Days","COUNTY":"Collier","last_edited_date":"2025-08-22T19:21:02Z"},"geometry":{"type":"Point","coordinates":[-81.358584385386393,26.20374861472617]}},
{"type":"Feature","properties":{"OBJECTID":308,"PANTHERID":"UCFP068","SEX":"Female","AGE":"4.5","LOCATION":" ","CAUSE":"Unknown","YEAR":2004,"Date":"2004-09-30T00:00:00Z","PANTHERID2":" ","MORTID":null,"AGE_UNITS":"Years","COUNTY":"Collier","last_edited_date":"2025-08-22T19:21:02Z"},"geometry":{"type":"Point","coordinates":[-81.035670532706391,25.884969457169195]}},
{"type":"Feature","properties":{"OBJECTID":309,"PANTHERID":"UCFP069","SEX":"Female","AGE":"2","LOCATION":"2.5mi N of 858 on SR29 west side right of way (grass)","CAUSE":"Vehicular trauma","YEAR":2004,"Date":"2004-10-25T00:00:00Z","PANTHERID2":" ","MORTID":null,"AGE_UNITS":"Years","COUNTY":"Collier","last_edited_date":"2025-08-22T19:21:02Z"},"geometry":{"type":"Point","coordinates":[-81.343740286282014,26.33973184799347]}},
{"type":"Feature","properties":{"OBJECTID":310,"PANTHERID":"UCFP070","SEX":"Female","AGE":"1","LOCATION":"SR 29, Owl Hammock Curve","CAUSE":"Vehicular trauma","YEAR":2004,"Date":"2004-12-01T00:00:00Z","PANTHERID2":" ","MORTID":null,"AGE_UNITS":"Years","COUNTY":"Collier","last_edited_date":"2025-08-22T19:21:02Z"},"geometry":{"type":"Point","coordinates":[-81.345482022993508,26.359321293816038]}},
{"type":"Feature","properties":{"OBJECTID":311,"PANTHERID":"UCFP071","SEX":"Male","AGE":"2.5","LOCATION":"US 41, just E of 11 Mile Road","CAUSE":"Vehicular trauma","YEAR":2005,"Date":"2005-02-04T00:00:00Z","PANTHERID2":" ","MORTID":null,"AGE_UNITS":"Years","COUNTY":"Collier","last_edited_date":"2025-08-22T19:21:02Z"},"geometry":{"type":"Point","coordinates":[-80.93192475789624,25.845325081798901]}},
{"type":"Feature","properties":{"OBJECTID":312,"PANTHERID":"UCFP072","SEX":"Male","AGE":"2","LOCATION":"SR 29, near Jerome","CAUSE":"Vehicular trauma","YEAR":2005,"Date":"2005-02-25T00:00:00Z","PANTHERID2":" ","MORTID":null,"AGE_UNITS":"Years","COUNTY":"Collier","last_edited_date":"2025-08-22T19:21:02Z"},"geometry":{"type":"Point","coordinates":[-81.34585470390941,26.017607015440884]}},
{"type":"Feature","properties":{"OBJECTID":313,"PANTHERID":"UCFP073","SEX":"Male","AGE":"7","LOCATION":"CR 951, S of Rattlesnake Hammock Road","CAUSE":"Vehicular trauma","YEAR":2005,"Date":"2005-04-07T00:00:00Z","PANTHERID2":" ","MORTID":null,"AGE_UNITS":"Months","COUNTY":"Collier","last_edited_date":"2025-08-22T19:21:02Z"},"geometry":{"type":"Point","coordinates":[-81.687391136956563,26.103185941018641]}},
{"type":"Feature","properties":{"OBJECTID":314,"PANTHERID":"UCFP074","SEX":"Male","AGE":"3","LOCATION":"I-95, St. John's/Flagler Co. line ","CAUSE":"Vehicular trauma","YEAR":2005,"Date":"2005-06-04T00:00:00Z","PANTHERID2":" ","MORTID":null,"AGE_UNITS":"Years","COUNTY":"Flagler","last_edited_date":"2025-08-22T19:21:02Z"},"geometry":{"type":"Point","coordinates":[-81.27664384982964,29.652049576380506]}},
{"type":"Feature","properties":{"OBJECTID":315,"PANTHERID":"UCFP075","SEX":"Male","AGE":"2","LOCATION":"SR 29, Owl Hammock Curve","CAUSE":"Vehicular trauma","YEAR":2005,"Date":"2005-06-19T00:00:00Z","PANTHERID2":" ","MORTID":null,"AGE_UNITS":"Years","COUNTY":"Collier","last_edited_date":"2025-08-22T19:21:02Z"},"geometry":{"type":"Point","coordinates":[-81.345331226222072,26.359168159316628]}},
{"type":"Feature","properties":{"OBJECTID":316,"PANTHERID":"UCFP076","SEX":"Male","AGE":"1","LOCATION":"US 41, 1.4 miles E of CR 951","CAUSE":"Vehicular trauma","YEAR":2005,"Date":"2005-09-18T00:00:00Z","PANTHERID2":" ","MORTID":null,"AGE_UNITS":"Years","COUNTY":"Collier","last_edited_date":"2025-08-22T19:21:02Z"},"geometry":{"type":"Point","coordinates":[-81.680852022332459,26.049817244634106]}},
{"type":"Feature","properties":{"OBJECTID":317,"PANTHERID":"UCFP077","SEX":"Female","AGE":"2.5","LOCATION":"BCSIR, W of Swamp Safari","CAUSE":"Intraspecific aggression","YEAR":2006,"Date":"2006-01-15T00:00:00Z","PANTHERID2":" ","MORTID":null,"AGE_UNITS":"Years","COUNTY":"Hendry","last_edited_date":"2025-08-22T19:21:02Z"},"geometry":{"type":"Point","coordinates":[-81.07453749634395,26.303085865450871]}},
{"type":"Feature","properties":{"OBJECTID":318,"PANTHERID":"UCFP078","SEX":"Male","AGE":"9","LOCATION":"CR 846, 1 miles W of CR 858","CAUSE":"Vehicular trauma","YEAR":2006,"Date":"2006-01-25T00:00:00Z","PANTHERID2":" ","MORTID":null,"AGE_UNITS":"Months","COUNTY":"Collier","last_edited_date":"2025-08-22T19:21:02Z"},"geometry":{"type":"Point","coordinates":[-81.287336099316946,26.422736117645808]}},
{"type":"Feature","properties":{"OBJECTID":319,"PANTHERID":"UCFP079","SEX":"Female","AGE":"2","LOCATION":"CR 846, 2 miles N of CR 858 - near Collier fairgrounds","CAUSE":"Vehicular trauma","YEAR":2006,"Date":"2006-01-26T00:00:00Z","PANTHERID2":" ","MORTID":null,"AGE_UNITS":"Years","COUNTY":"Collier","last_edited_date":"2025-08-22T19:21:02Z"},"geometry":{"type":"Point","coordinates":[-81.59513993373271,26.346005274982105]}},
{"type":"Feature","properties":{"OBJECTID":320,"PANTHERID":"UCFP080","SEX":"Female","AGE":"1.5","LOCATION":"Card Sound Road","CAUSE":"Vehicular trauma","YEAR":2006,"Date":"2006-02-02T00:00:00Z","PANTHERID2":" ","MORTID":null,"AGE_UNITS":"Years","COUNTY":"Miami-Dade","last_edited_date":"2025-08-22T19:21:02Z"},"geometry":{"type":"Point","coordinates":[-80.40915395381208,25.3337235867304]}},
{"type":"Feature","properties":{"OBJECTID":321,"PANTHERID":"UCFP081","SEX":"Male","AGE":"2","LOCATION":"I-75, between exits 137-138, Lee County","CAUSE":"Vehicular trauma","YEAR":2006,"Date":"2006-02-27T00:00:00Z","PANTHERID2":" ","MORTID":null,"AGE_UNITS":"Years","COUNTY":"Lee","last_edited_date":"2025-08-22T19:21:02Z"},"geometry":{"type":"Point","coordinates":[-81.800327941066129,26.643206291891079]}},
{"type":"Feature","properties":{"OBJECTID":322,"PANTHERID":"UCFP082","SEX":"Male","AGE":" ","LOCATION":"0.2 miles W of SR 29 Hendry County. Remains found in ditch near wildlife feeder; abundant hog sign","CAUSE":"Unknown","YEAR":2006,"Date":"2006-02-27T00:00:00Z","PANTHERID2":" ","MORTID":null,"AGE_UNITS":" ","COUNTY":"Lee","last_edited_date":"2025-08-22T19:21:02Z"},"geometry":{"type":"Point","coordinates":[-81.440645265015291,26.653127776493974]}},
{"type":"Feature","properties":{"OBJECTID":323,"PANTHERID":"UCFP083","SEX":"Male","AGE":"3","LOCATION":"CREW, 1 mile S of Corkscrew Rd., Flint Pen Strand, found during prescribed burn","CAUSE":"Intraspecific aggression","YEAR":2006,"Date":"2006-03-14T00:00:00Z","PANTHERID2":" ","MORTID":null,"AGE_UNITS":"Years","COUNTY":"Lee","last_edited_date":"2025-08-22T19:21:02Z"},"geometry":{"type":"Point","coordinates":[-81.72252387881619,26.430129079336758]}},
{"type":"Feature","properties":{"OBJECTID":324,"PANTHERID":"UCFP084","SEX":"Male","AGE":"3.5","LOCATION":"I-4, SW of Orlando","CAUSE":"Vehicular trauma","YEAR":2006,"Date":"2006-04-14T00:00:00Z","PANTHERID2":" ","MORTID":null,"AGE_UNITS":"Years","COUNTY":"Osceola","last_edited_date":"2025-08-22T19:21:02Z"},"geometry":{"type":"Point","coordinates":[-81.581726735970349,28.294165839707158]}},
{"type":"Feature","properties":{"OBJECTID":325,"PANTHERID":"UCFP085","SEX":"Male","AGE":"3.5","LOCATION":"CR 832, 3 miles E of OSSF SF","CAUSE":"Vehicular trauma","YEAR":2006,"Date":"2006-06-05T00:00:00Z","PANTHERID2":" ","MORTID":null,"AGE_UNITS":"Years","COUNTY":"Hendry","last_edited_date":"2025-08-22T19:21:02Z"},"geometry":{"type":"Point","coordinates":[-81.227050196839585,26.603671827602092]}},
{"type":"Feature","properties":{"OBJECTID":326,"PANTHERID":"UCFP086","SEX":"Unknown","AGE":" ","LOCATION":"SR 29, 0.6 miles S of Sunniland","CAUSE":"Vehicular trauma","YEAR":2006,"Date":"2006-07-07T00:00:00Z","PANTHERID2":" ","MORTID":null,"AGE_UNITS":" ","COUNTY":"Collier","last_edited_date":"2025-08-22T19:21:02Z"},"geometry":{"type":"Point","coordinates":[-81.342012933353743,26.259943271416404]}},
{"type":"Feature","properties":{"OBJECTID":327,"PANTHERID":"UCFP087","SEX":"Male","AGE":"3","LOCATION":"Corkscrew Rd. near Alico","CAUSE":"Vehicular trauma","YEAR":2006,"Date":"2006-08-24T00:00:00Z","PANTHERID2":" ","MORTID":null,"AGE_UNITS":"Years","COUNTY":"Lee","last_edited_date":"2025-08-22T19:21:02Z"},"geometry":{"type":"Point","coordinates":[-81.695817280250722,26.453420689584327]}},
{"type":"Feature","properties":{"OBJECTID":328,"PANTHERID":"UCFP088","SEX":"Female","AGE":"2","LOCATION":"US 41, between Manatee Rd and CR951","CAUSE":"Vehicular trauma","YEAR":2006,"Date":"2006-11-26T00:00:00Z","PANTHERID2":" ","MORTID":null,"AGE_UNITS":"Years","COUNTY":"Collier","last_edited_date":"2025-08-22T19:21:02Z"},"geometry":{"type":"Point","coordinates":[-81.684485295444787,26.05407097667306]}},
{"type":"Feature","properties":{"OBJECTID":329,"PANTHERID":"UCFP089","SEX":"Male","AGE":"4","LOCATION":"County Line Road, Collier/Hendry","CAUSE":"Vehicular trauma","YEAR":2006,"Date":"2006-12-12T00:00:00Z","PANTHERID2":" ","MORTID":null,"AGE_UNITS":"Years","COUNTY":"Collier","last_edited_date":"2025-08-22T19:21:02Z"},"geometry":{"type":"Point","coordinates":[-81.271398274117104,26.395823859903025]}},
{"type":"Feature","properties":{"OBJECTID":330,"PANTHERID":"UCFP090","SEX":"Female","AGE":"5","LOCATION":"CR 832, 1mile W of Forestry tower","CAUSE":"Vehicular trauma","YEAR":2007,"Date":"2007-01-24T00:00:00Z","PANTHERID2":" ","MORTID":null,"AGE_UNITS":"Months","COUNTY":"Hendry","last_edited_date":"2025-08-22T19:21:02Z"},"geometry":{"type":"Point","coordinates":[-81.360849582109907,26.601291733364722]}},
{"type":"Feature","properties":{"OBJECTID":331,"PANTHERID":"UCFP091","SEX":"Male","AGE":"5","LOCATION":"CR 832, W of Keri tower, OSSF","CAUSE":"Vehicular trauma","YEAR":2007,"Date":"2007-03-09T00:00:00Z","PANTHERID2":" ","MORTID":null,"AGE_UNITS":"Months","COUNTY":"Hendry","last_edited_date":"2025-08-22T19:21:02Z"},"geometry":{"type":"Point","coordinates":[-81.341188658945796,26.599543447353302]}},
{"type":"Feature","properties":{"OBJECTID":332,"PANTHERID":"UCFP092","SEX":"Male","AGE":"1.5","LOCATION":"US 41, 1.2 miles W of SR 29","CAUSE":"Vehicular trauma","YEAR":2007,"Date":"2007-03-29T00:00:00Z","PANTHERID2":" ","MORTID":null,"AGE_UNITS":"Years","COUNTY":"Collier","last_edited_date":"2025-08-22T19:21:02Z"},"geometry":{"type":"Point","coordinates":[-81.382376968282756,25.917374776465095]}},
{"type":"Feature","properties":{"OBJECTID":333,"PANTHERID":"UCFP093","SEX":"Male","AGE":"2","LOCATION":"I-75, 0.5 miles N Corkscrew Road","CAUSE":"Vehicular trauma","YEAR":2007,"Date":"2007-03-30T00:00:00Z","PANTHERID2":" ","MORTID":null,"AGE_UNITS":"Years","COUNTY":"Lee","last_edited_date":"2025-08-22T19:21:02Z"},"geometry":{"type":"Point","coordinates":[-81.781886599899892,26.444082261024008]}},
{"type":"Feature","properties":{"OBJECTID":334,"PANTHERID":"UCFP094","SEX":"Male","AGE":"2.5","LOCATION":"I-75, 2 miles E of toll booth 98mm","CAUSE":"Vehicular trauma","YEAR":2007,"Date":"2007-04-03T00:00:00Z","PANTHERID2":" ","MORTID":null,"AGE_UNITS":"Years","COUNTY":"Collier","last_edited_date":"2025-08-22T19:21:02Z"},"geometry":{"type":"Point","coordinates":[-81.630833125531041,26.154451299284833]}},
{"type":"Feature","properties":{"OBJECTID":335,"PANTHERID":"UCFP095","SEX":"Male","AGE":"2.5","LOCATION":"Walk-in-Water road","CAUSE":"Vehicular trauma","YEAR":2007,"Date":"2007-04-17T00:00:00Z","PANTHERID2":" ","MORTID":null,"AGE_UNITS":"Years","COUNTY":"Polk","last_edited_date":"2025-08-22T19:21:02Z"},"geometry":{"type":"Point","coordinates":[-81.448251284672978,27.790732002843637]}},
{"type":"Feature","properties":{"OBJECTID":336,"PANTHERID":"UCFP096","SEX":"Female","AGE":"3","LOCATION":"US1, 1/2 mile S of Card Sound Rd.","CAUSE":"Vehicular trauma","YEAR":2007,"Date":"2007-05-09T00:00:00Z","PANTHERID2":" ","MORTID":null,"AGE_UNITS":"Years","COUNTY":"Miami-Dade","last_edited_date":"2025-08-22T19:21:02Z"},"geometry":{"type":"Point","coordinates":[-80.474328002297142,25.427832384123924]}},
{"type":"Feature","properties":{"OBJECTID":337,"PANTHERID":"UCFP097","SEX":"Female","AGE":"4.5","LOCATION":"Corkscrew Road, near Alico","CAUSE":"Vehicular trauma","YEAR":2007,"Date":"2007-05-14T00:00:00Z","PANTHERID2":" ","MORTID":null,"AGE_UNITS":"Years","COUNTY":"Lee","last_edited_date":"2025-08-22T19:21:02Z"},"geometry":{"type":"Point","coordinates":[-81.69178416838399,26.451607408425112]}},
{"type":"Feature","properties":{"OBJECTID":338,"PANTHERID":"UCFP098","SEX":"Male","AGE":"22","LOCATION":"SR 29, at Jerome wildlife crossing","CAUSE":"Vehicular trauma","YEAR":2007,"Date":"2007-06-11T00:00:00Z","PANTHERID2":" ","MORTID":null,"AGE_UNITS":"Months","COUNTY":"Collier","last_edited_date":"2025-08-22T19:21:02Z"},"geometry":{"type":"Point","coordinates":[-81.34852204985016,25.983422971947018]}},
{"type":"Feature","properties":{"OBJECTID":339,"PANTHERID":"UCFP099","SEX":"Male","AGE":"13","LOCATION":"SR 82, 0.7 miles W of Sunshine Blvd","CAUSE":"Vehicular trauma","YEAR":2007,"Date":"2007-06-14T00:00:00Z","PANTHERID2":" ","MORTID":null,"AGE_UNITS":"Months","COUNTY":"Lee","last_edited_date":"2025-08-22T19:21:02Z"},"geometry":{"type":"Point","coordinates":[-81.689288876030588,26.57135973382276]}},
{"type":"Feature","properties":{"OBJECTID":340,"PANTHERID":"UCFP100","SEX":"Male","AGE":"2.5","LOCATION":"SR 29, 3 miles S of Immokalee","CAUSE":"Vehicular trauma","YEAR":2007,"Date":"2007-06-23T00:00:00Z","PANTHERID2":" ","MORTID":null,"AGE_UNITS":"Years","COUNTY":"Collier","last_edited_date":"2025-08-22T19:21:02Z"},"geometry":{"type":"Point","coordinates":[-81.366248574640792,26.381355334904548]}},
{"type":"Feature","properties":{"OBJECTID":341,"PANTHERID":"UCFP101","SEX":"Male","AGE":"4","LOCATION":"US 41, 1 mile E of Krome Ave","CAUSE":"Vehicular trauma","YEAR":2007,"Date":"2007-06-27T00:00:00Z","PANTHERID2":" ","MORTID":null,"AGE_UNITS":"Years","COUNTY":"Miami-Dade","last_edited_date":"2025-08-22T19:21:02Z"},"geometry":{"type":"Point","coordinates":[-80.461606583956467,25.762090187218224]}},
{"type":"Feature","properties":{"OBJECTID":342,"PANTHERID":"UCFP102","SEX":"Male","AGE":"22","LOCATION":"I-75, 1.5 miles E of SR 29","CAUSE":"Vehicular trauma","YEAR":2007,"Date":"2007-09-12T00:00:00Z","PANTHERID2":" ","MORTID":null,"AGE_UNITS":"Months","COUNTY":"Collier","last_edited_date":"2025-08-22T19:21:02Z"},"geometry":{"type":"Point","coordinates":[-81.316352202273748,26.154726925512573]}},
{"type":"Feature","properties":{"OBJECTID":343,"PANTHERID":"UCFP103","SEX":"Male","AGE":"2.5","LOCATION":"Pine Ridge Road, half way between CR951, Logan","CAUSE":"Vehicular trauma","YEAR":2008,"Date":"2008-03-09T00:00:00Z","PANTHERID2":" ","MORTID":null,"AGE_UNITS":"Years","COUNTY":"Collier","last_edited_date":"2025-08-22T19:21:02Z"},"geometry":{"type":"Point","coordinates":[-81.703555389975847,26.212163234188957]}},
{"type":"Feature","properties":{"OBJECTID":344,"PANTHERID":"UCFP104","SEX":"Female","AGE":"16","LOCATION":"SR 29, 2.6 km N of US 41","CAUSE":"Vehicular trauma","YEAR":2008,"Date":"2008-04-12T00:00:00Z","PANTHERID2":" ","MORTID":null,"AGE_UNITS":"Months","COUNTY":"Collier","last_edited_date":"2025-08-22T19:21:02Z"},"geometry":{"type":"Point","coordinates":[-81.357814895973945,25.927749576523418]}},
{"type":"Feature","properties":{"OBJECTID":345,"PANTHERID":"UCFP105","SEX":"Female","AGE":"5.5","LOCATION":"FSSP, 0.24 miles W of Janes Scenic, N side of Mud Tram","CAUSE":"Unknown","YEAR":2008,"Date":"2008-04-23T00:00:00Z","PANTHERID2":" ","MORTID":null,"AGE_UNITS":"Years","COUNTY":"Collier","last_edited_date":"2025-08-22T19:21:02Z"},"geometry":{"type":"Point","coordinates":[-81.424734637929348,26.028855442822209]}},
{"type":"Feature","properties":{"OBJECTID":346,"PANTHERID":"UCFP106","SEX":"Male","AGE":"2","LOCATION":"Leonard Boulevard, Lehigh Acres","CAUSE":"Vehicular trauma","YEAR":2008,"Date":"2008-05-04T00:00:00Z","PANTHERID2":" ","MORTID":null,"AGE_UNITS":"Years","COUNTY":"Lee","last_edited_date":"2025-08-22T19:21:02Z"},"geometry":{"type":"Point","coordinates":[-81.729042503109241,26.597029000531904]}},
{"type":"Feature","properties":{"OBJECTID":347,"PANTHERID":"UCFP107","SEX":"Female","AGE":"2.5","LOCATION":"CR 951, 2.4 km S of US 41 on CR951, crossed E to W","CAUSE":"Vehicular trauma","YEAR":2008,"Date":"2008-05-22T00:00:00Z","PANTHERID2":" ","MORTID":null,"AGE_UNITS":"Years","COUNTY":"Collier","last_edited_date":"2025-08-22T19:21:02Z"},"geometry":{"type":"Point","coordinates":[-81.700353772129716,26.041326663057909]}},
{"type":"Feature","properties":{"OBJECTID":348,"PANTHERID":"UCFP108","SEX":"Female","AGE":"3.5","LOCATION":"CR 846, 1.7 mile E of Oil Grade Rd","CAUSE":"Vehicular trauma","YEAR":2008,"Date":"2008-07-28T00:00:00Z","PANTHERID2":" ","MORTID":null,"AGE_UNITS":"Years","COUNTY":"Collier","last_edited_date":"2025-08-22T19:21:02Z"},"geometry":{"type":"Point","coordinates":[-81.4917453225641,26.366686053701208]}},
{"type":"Feature","properties":{"OBJECTID":349,"PANTHERID":"UCFP109","SEX":"Male","AGE":"8","LOCATION":"2 miles E of Corkscrew Sanctuary","CAUSE":"Unknown","YEAR":2008,"Date":"2008-09-15T00:00:00Z","PANTHERID2":" ","MORTID":null,"AGE_UNITS":"Years","COUNTY":"Collier","last_edited_date":"2025-08-22T19:21:02Z"},"geometry":{"type":"Point","coordinates":[-81.564292554186338,26.382896729384559]}},
{"type":"Feature","properties":{"OBJECTID":350,"PANTHERID":"UCFP110","SEX":"Female","AGE":"2.5","LOCATION":" ","CAUSE":"Vehicular trauma","YEAR":2008,"Date":"2008-09-29T00:00:00Z","PANTHERID2":" ","MORTID":null,"AGE_UNITS":"Months","COUNTY":"Miami-Dade","last_edited_date":"2025-08-22T19:21:02Z"},"geometry":{"type":"Point","coordinates":[-80.586198164867156,25.393973657068813]}},
{"type":"Feature","properties":{"OBJECTID":351,"PANTHERID":"UCFP111","SEX":"Female","AGE":"7","LOCATION":"SR 29, 2.4km N of Oil Well Road","CAUSE":"Vehicular trauma","YEAR":2008,"Date":"2008-10-24T00:00:00Z","PANTHERID2":" ","MORTID":null,"AGE_UNITS":"Months","COUNTY":"Collier","last_edited_date":"2025-08-22T19:21:02Z"},"geometry":{"type":"Point","coordinates":[-81.343246171878505,26.325096459730474]}},
{"type":"Feature","properties":{"OBJECTID":352,"PANTHERID":"UCFP112","SEX":"Male","AGE":"2.5","LOCATION":"SR 80, E of CR 833","CAUSE":"Vehicular trauma","YEAR":2008,"Date":"2008-11-04T00:00:00Z","PANTHERID2":" ","MORTID":null,"AGE_UNITS":"Years","COUNTY":"Hendry","last_edited_date":"2025-08-22T19:21:02Z"},"geometry":{"type":"Point","coordinates":[-81.120528434120175,26.752780336300699]}},
{"type":"Feature","properties":{"OBJECTID":353,"PANTHERID":"UCFP113","SEX":"Male","AGE":"4.5","LOCATION":"Alico Road","CAUSE":"Vehicular trauma","YEAR":2008,"Date":"2008-11-26T00:00:00Z","PANTHERID2":" ","MORTID":null,"AGE_UNITS":"Years","COUNTY":"Lee","last_edited_date":"2025-08-22T19:21:02Z"},"geometry":{"type":"Point","coordinates":[-81.724965959835529,26.493399884451566]}},
{"type":"Feature","properties":{"OBJECTID":354,"PANTHERID":"UCFP114","SEX":"Female","AGE":"4","LOCATION":"CR 858, 1 miles E of Camp Keais Rd","CAUSE":"Vehicular trauma","YEAR":2008,"Date":"2008-11-29T00:00:00Z","PANTHERID2":" ","MORTID":null,"AGE_UNITS":"Years","COUNTY":"Collier","last_edited_date":"2025-08-22T19:21:02Z"},"geometry":{"type":"Point","coordinates":[-81.400686868823911,26.29506032135933]}},
{"type":"Feature","properties":{"OBJECTID":355,"PANTHERID":"UCFP115","SEX":"Male","AGE":"4","LOCATION":"CR 832, E of OSSF","CAUSE":"Vehicular trauma","YEAR":2009,"Date":"2009-01-11T00:00:00Z","PANTHERID2":" ","MORTID":null,"AGE_UNITS":"Years","COUNTY":"Hendry","last_edited_date":"2025-08-22T19:21:02Z"},"geometry":{"type":"Point","coordinates":[-81.235782047516722,26.605400237498117]}},
{"type":"Feature","properties":{"OBJECTID":356,"PANTHERID":"UCFP116","SEX":"Female","AGE":"4.5","LOCATION":"SR 29, 3 miles S of Immokalee","CAUSE":"Vehicular trauma","YEAR":2009,"Date":"2009-01-20T00:00:00Z","PANTHERID2":" ","MORTID":null,"AGE_UNITS":"Years","COUNTY":"Collier","last_edited_date":"2025-08-22T19:21:02Z"},"geometry":{"type":"Point","coordinates":[-81.379939178998598,26.392651371912049]}},
{"type":"Feature","properties":{"OBJECTID":357,"PANTHERID":"UCFP117","SEX":"Male","AGE":"3.5","LOCATION":"BCSIR","CAUSE":"Intraspecific aggression","YEAR":2009,"Date":"2009-02-02T00:00:00Z","PANTHERID2":" ","MORTID":null,"AGE_UNITS":"Years","COUNTY":"Hendry","last_edited_date":"2025-08-22T19:21:02Z"},"geometry":{"type":"Point","coordinates":[-81.059311813604509,26.326307724317694]}},
{"type":"Feature","properties":{"OBJECTID":358,"PANTHERID":"UCFP118","SEX":"Male","AGE":"1.5","LOCATION":"Treeline Ave","CAUSE":"Vehicular trauma","YEAR":2009,"Date":"2009-03-25T00:00:00Z","PANTHERID2":" ","MORTID":null,"AGE_UNITS":"Years","COUNTY":"Lee","last_edited_date":"2025-08-22T19:21:02Z"},"geometry":{"type":"Point","coordinates":[-81.785417247957753,26.52681128908425]}},
{"type":"Feature","properties":{"OBJECTID":359,"PANTHERID":"UCFP119","SEX":"Female","AGE":"2.5","LOCATION":"US 41, Turner River","CAUSE":"Vehicular trauma","YEAR":2009,"Date":"2009-04-09T00:00:00Z","PANTHERID2":" ","MORTID":null,"AGE_UNITS":"Years","COUNTY":"Collier","last_edited_date":"2025-08-22T19:21:02Z"},"geometry":{"type":"Point","coordinates":[-81.264277768787863,25.888408335350555]}},
{"type":"Feature","properties":{"OBJECTID":360,"PANTHERID":"UCFP120","SEX":"Female","AGE":"2","LOCATION":"Big Cypress Mitigation Bank","CAUSE":"Illegal kill","YEAR":2009,"Date":"2009-04-21T00:00:00Z","PANTHERID2":" ","MORTID":null,"AGE_UNITS":"Years","COUNTY":"Hendry","last_edited_date":"2025-08-22T19:21:02Z"},"geometry":{"type":"Point","coordinates":[-81.191562617969353,26.281153110602453]}},
{"type":"Feature","properties":{"OBJECTID":361,"PANTHERID":"UCFP121","SEX":"Male","AGE":"2","LOCATION":"SR 29, ~4 miles S of I-75","CAUSE":"Vehicular trauma","YEAR":2009,"Date":"2009-05-14T00:00:00Z","PANTHERID2":" ","MORTID":null,"AGE_UNITS":"Years","COUNTY":"Collier","last_edited_date":"2025-08-22T19:21:02Z"},"geometry":{"type":"Point","coordinates":[-81.355819922871248,26.087653222590351]}},
{"type":"Feature","properties":{"OBJECTID":362,"PANTHERID":"UCFP122","SEX":"Male","AGE":"1.5","LOCATION":"CR 846, near Camp Kaeis Rd","CAUSE":"Vehicular trauma","YEAR":2009,"Date":"2009-05-25T00:00:00Z","PANTHERID2":" ","MORTID":null,"AGE_UNITS":"Years","COUNTY":"Collier","last_edited_date":"2025-08-22T19:21:02Z"},"geometry":{"type":"Point","coordinates":[-81.419425033658754,26.369001876327882]}},
{"type":"Feature","properties":{"OBJECTID":363,"PANTHERID":"UCFP123","SEX":"Male","AGE":"3.5","LOCATION":"Troup Co., GA - approximate location","CAUSE":"Illegal kill","YEAR":2008,"Date":"2008-11-17T00:00:00Z","PANTHERID2":" ","MORTID":null,"AGE_UNITS":"Years","COUNTY":"Troup","last_edited_date":"2025-08-22T19:21:02Z"},"geometry":{"type":"Point","coordinates":[-79.18938486251156,33.017241767055566]}},
{"type":"Feature","properties":{"OBJECTID":364,"PANTHERID":"UCFP124","SEX":"Male","AGE":"1.5","LOCATION":"I-75, 90mm","CAUSE":"Vehicular trauma","YEAR":2009,"Date":"2009-08-05T00:00:00Z","PANTHERID2":" ","MORTID":null,"AGE_UNITS":"Years","COUNTY":"Collier","last_edited_date":"2025-08-22T19:21:02Z"},"geometry":{"type":"Point","coordinates":[-81.499530221049753,26.15292590697636]}},
{"type":"Feature","properties":{"OBJECTID":365,"PANTHERID":"UCFP125","SEX":"Female","AGE":"2","LOCATION":"I-75, 96.5mm","CAUSE":"Vehicular trauma","YEAR":2009,"Date":"2009-09-06T00:00:00Z","PANTHERID2":" ","MORTID":null,"AGE_UNITS":"Years","COUNTY":"Collier","last_edited_date":"2025-08-22T19:21:02Z"},"geometry":{"type":"Point","coordinates":[-81.610640057911198,26.153879188324545]}},
{"type":"Feature","properties":{"OBJECTID":366,"PANTHERID":"UCFP126","SEX":"Male","AGE":"2","LOCATION":"E of Ave Maria, Ranch 1 Orange Gr.","CAUSE":"Unknown","YEAR":2009,"Date":"2009-09-15T00:00:00Z","PANTHERID2":" ","MORTID":null,"AGE_UNITS":"Years","COUNTY":"Collier","last_edited_date":"2025-08-22T19:21:02Z"},"geometry":{"type":"Point","coordinates":[-81.378204264250741,26.337062657630238]}},
{"type":"Feature","properties":{"OBJECTID":367,"PANTHERID":"UCFP127","SEX":"Female","AGE":"3.5","LOCATION":"Turner River, 600m S of US 41","CAUSE":"Unknown","YEAR":2009,"Date":"2009-10-09T00:00:00Z","PANTHERID2":" ","MORTID":null,"AGE_UNITS":"Years","COUNTY":"Collier","last_edited_date":"2025-08-22T19:21:02Z"},"geometry":{"type":"Point","coordinates":[-81.273984887766375,25.885762613985957]}},
{"type":"Feature","properties":{"OBJECTID":368,"PANTHERID":"UCFP128","SEX":"Female","AGE":"3","LOCATION":"North Belle Meade","CAUSE":"Illegal kill","YEAR":2009,"Date":"2009-10-10T00:00:00Z","PANTHERID2":" ","MORTID":null,"AGE_UNITS":"Years","COUNTY":"Collier","last_edited_date":"2025-08-22T19:21:02Z"},"geometry":{"type":"Point","coordinates":[-81.570452892446127,26.189421050534239]}},
{"type":"Feature","properties":{"OBJECTID":369,"PANTHERID":"UCFP129","SEX":"Male","AGE":"3.5","LOCATION":"CR 846, 2 miles E of Immokalee","CAUSE":"Vehicular trauma","YEAR":2009,"Date":"2009-10-19T00:00:00Z","PANTHERID2":" ","MORTID":null,"AGE_UNITS":"Months","COUNTY":"Collier","last_edited_date":"2025-08-22T19:21:02Z"},"geometry":{"type":"Point","coordinates":[-81.37520253862499,26.419155645988049]}},
{"type":"Feature","properties":{"OBJECTID":370,"PANTHERID":"UCFP130","SEX":"Female","AGE":"3.5","LOCATION":"CR 846, 2 miles E of Immokalee","CAUSE":"Vehicular trauma","YEAR":2009,"Date":"2009-10-21T00:00:00Z","PANTHERID2":" ","MORTID":null,"AGE_UNITS":"Years","COUNTY":"Collier","last_edited_date":"2025-08-22T19:21:02Z"},"geometry":{"type":"Point","coordinates":[-81.374942017463312,26.419219533678245]}},
{"type":"Feature","properties":{"OBJECTID":371,"PANTHERID":"UCFP131","SEX":"Female","AGE":"3.5","LOCATION":"CR 833, N boundary of BCSIR","CAUSE":"Vehicular trauma","YEAR":2009,"Date":"2009-11-01T00:00:00Z","PANTHERID2":" ","MORTID":null,"AGE_UNITS":"Months","COUNTY":"Hendry","last_edited_date":"2025-08-22T19:21:02Z"},"geometry":{"type":"Point","coordinates":[-81.007839886084625,26.344839164379685]}},
{"type":"Feature","properties":{"OBJECTID":372,"PANTHERID":"UCFP132","SEX":"Male","AGE":"3.5","LOCATION":"FL Turnpike, S of Yeehaw Junction","CAUSE":"Unknown","YEAR":2009,"Date":"2009-11-19T00:00:00Z","PANTHERID2":" ","MORTID":null,"AGE_UNITS":"Years","COUNTY":"Indian River","last_edited_date":"2025-08-22T19:21:02Z"},"geometry":{"type":"Point","coordinates":[-80.870029520626744,27.661769993062116]}},
{"type":"Feature","properties":{"OBJECTID":373,"PANTHERID":"UCFP133","SEX":"Male","AGE":"3.5","LOCATION":"I-75, 1/2 miles W Snake Road","CAUSE":"Vehicular trauma","YEAR":2009,"Date":"2009-12-17T00:00:00Z","PANTHERID2":" ","MORTID":null,"AGE_UNITS":"Years","COUNTY":"Broward","last_edited_date":"2025-08-22T19:21:02Z"},"geometry":{"type":"Point","coordinates":[-80.869512649590547,26.172812674910826]}},
{"type":"Feature","properties":{"OBJECTID":374,"PANTHERID":"UCFP134","SEX":"Male","AGE":"3","LOCATION":"Corkscrew Road, near CREW Gate 5","CAUSE":"Vehicular trauma","YEAR":2009,"Date":"2009-12-23T00:00:00Z","PANTHERID2":" ","MORTID":null,"AGE_UNITS":"Years","COUNTY":"Collier","last_edited_date":"2025-08-22T19:21:02Z"},"geometry":{"type":"Point","coordinates":[-81.562772937384409,26.460182511966153]}},
{"type":"Feature","properties":{"OBJECTID":375,"PANTHERID":"UCFP135","SEX":"Female","AGE":"4","LOCATION":"SR 29, 2 miles N of Jerome","CAUSE":"Vehicular trauma","YEAR":2009,"Date":"2009-12-29T00:00:00Z","PANTHERID2":" ","MORTID":null,"AGE_UNITS":"Years","COUNTY":"Collier","last_edited_date":"2025-08-22T19:21:02Z"},"geometry":{"type":"Point","coordinates":[-81.345464213800327,26.020768357362641]}},
{"type":"Feature","properties":{"OBJECTID":376,"PANTHERID":"UCFP136","SEX":"Female","AGE":"3.5","LOCATION":"County Barn Rd, 0.3 miles S of Davis Blvd","CAUSE":"Vehicular trauma","YEAR":2009,"Date":"2009-12-31T00:00:00Z","PANTHERID2":" ","MORTID":null,"AGE_UNITS":"Months","COUNTY":"Collier","last_edited_date":"2025-08-22T19:21:02Z"},"geometry":{"type":"Point","coordinates":[-81.7302808890732,26.133358610099897]}},
{"type":"Feature","properties":{"OBJECTID":377,"PANTHERID":"UCFP137","SEX":"Male","AGE":"2.5","LOCATION":"I mile S Corkscrew Rd, near Bella Terra","CAUSE":"Intraspecific aggression","YEAR":2010,"Date":"2010-01-19T00:00:00Z","PANTHERID2":" ","MORTID":null,"AGE_UNITS":"Years","COUNTY":"Lee","last_edited_date":"2025-08-22T19:21:02Z"},"geometry":{"type":"Point","coordinates":[-81.712751335928658,26.439143822702786]}},
{"type":"Feature","properties":{"OBJECTID":378,"PANTHERID":"UCFP138","SEX":"Male","AGE":"7","LOCATION":"N of Shell Island Rd, Rookery Bay","CAUSE":"Unknown","YEAR":2010,"Date":"2010-01-29T00:00:00Z","PANTHERID2":" ","MORTID":null,"AGE_UNITS":"Years","COUNTY":"Collier","last_edited_date":"2025-08-22T19:21:02Z"},"geometry":{"type":"Point","coordinates":[-81.704903523699954,26.019904851968434]}},
{"type":"Feature","properties":{"OBJECTID":379,"PANTHERID":"UCFP139","SEX":"Female","AGE":"3","LOCATION":"Corkscrew Rd, CREW Marsh Trailhead 1","CAUSE":"Vehicular trauma","YEAR":2010,"Date":"2010-03-13T00:00:00Z","PANTHERID2":" ","MORTID":null,"AGE_UNITS":"Years","COUNTY":"Collier","last_edited_date":"2025-08-22T19:21:02Z"},"geometry":{"type":"Point","coordinates":[-81.534342305951625,26.492380840723172]}},
{"type":"Feature","properties":{"OBJECTID":380,"PANTHERID":"UCFP140","SEX":"Male","AGE":"1.5","LOCATION":"I-75, mm 117","CAUSE":"Vehicular trauma","YEAR":2010,"Date":"2010-04-15T00:00:00Z","PANTHERID2":" ","MORTID":null,"AGE_UNITS":"Years","COUNTY":"Lee","last_edited_date":"2025-08-22T19:21:02Z"},"geometry":{"type":"Point","coordinates":[-81.752507302654379,26.343215674210025]}},
{"type":"Feature","properties":{"OBJECTID":381,"PANTHERID":"UCFP141","SEX":"Female","AGE":"5","LOCATION":"Church Road, near Hendry Co landfill","CAUSE":"Vehicular trauma","YEAR":2010,"Date":"2010-04-29T00:00:00Z","PANTHERID2":" ","MORTID":null,"AGE_UNITS":"Months","COUNTY":"Hendry","last_edited_date":"2025-08-22T19:21:02Z"},"geometry":{"type":"Point","coordinates":[-81.530926413483726,26.556905568821001]}},
{"type":"Feature","properties":{"OBJECTID":382,"PANTHERID":"UCFP142","SEX":"Female","AGE":"8","LOCATION":"Golden Gate Blvd., between 5th and 7th St NW","CAUSE":"Vehicular trauma","YEAR":2010,"Date":"2010-05-04T00:00:00Z","PANTHERID2":" ","MORTID":null,"AGE_UNITS":"Months","COUNTY":"Collier","last_edited_date":"2025-08-22T19:21:02Z"},"geometry":{"type":"Point","coordinates":[-81.618985134416022,26.229798029204094]}},
{"type":"Feature","properties":{"OBJECTID":383,"PANTHERID":"UCFP143","SEX":"Male","AGE":"7.8","LOCATION":"US 41, 2.2km E of CR951","CAUSE":"Vehicular trauma","YEAR":2010,"Date":"2010-05-23T00:00:00Z","PANTHERID2":" ","MORTID":null,"AGE_UNITS":"Months","COUNTY":"Collier","last_edited_date":"2025-08-22T19:21:02Z"},"geometry":{"type":"Point","coordinates":[-81.680953202204023,26.051758089011681]}},
{"type":"Feature","properties":{"OBJECTID":384,"PANTHERID":"UCFP144","SEX":"Male","AGE":"13","LOCATION":"CR 833, 0.66km N of intersect with CR 832","CAUSE":"Vehicular trauma","YEAR":2010,"Date":"2010-05-31T00:00:00Z","PANTHERID2":" ","MORTID":null,"AGE_UNITS":"Months","COUNTY":"Hendry","last_edited_date":"2025-08-22T19:21:02Z"},"geometry":{"type":"Point","coordinates":[-81.127472953591607,26.612725609661602]}},
{"type":"Feature","properties":{"OBJECTID":385,"PANTHERID":"UCFP145","SEX":"Male","AGE":"17","LOCATION":"SR 29, 3.7km S of Farm Workers Village","CAUSE":"Vehicular trauma","YEAR":2010,"Date":"2010-06-24T00:00:00Z","PANTHERID2":" ","MORTID":null,"AGE_UNITS":"Months","COUNTY":"Collier","last_edited_date":"2025-08-22T19:21:02Z"},"geometry":{"type":"Point","coordinates":[-81.366607636752747,26.380776543255383]}},
{"type":"Feature","properties":{"OBJECTID":386,"PANTHERID":"UCFP146","SEX":"Female","AGE":"3.5","LOCATION":"SR 29, 1 miles S of Owl Hammock","CAUSE":"Vehicular trauma","YEAR":2010,"Date":"2010-08-03T00:00:00Z","PANTHERID2":" ","MORTID":null,"AGE_UNITS":"Years","COUNTY":"Collier","last_edited_date":"2025-08-22T19:21:02Z"},"geometry":{"type":"Point","coordinates":[-81.343389574886388,26.343136747850657]}},
{"type":"Feature","properties":{"OBJECTID":387,"PANTHERID":"UCFP147","SEX":"Female","AGE":"3","LOCATION":"US 41, 1.7 miles E of Monroe Station, canal on north side US41","CAUSE":"Vehicular trauma","YEAR":2010,"Date":"2010-10-01T00:00:00Z","PANTHERID2":" ","MORTID":null,"AGE_UNITS":"Years","COUNTY":"Collier","last_edited_date":"2025-08-22T19:21:02Z"},"geometry":{"type":"Point","coordinates":[-81.072890573605406,25.86081829602211]}},
{"type":"Feature","properties":{"OBJECTID":388,"PANTHERID":"UCFP148","SEX":"Male","AGE":"2.5","LOCATION":"US 27, 0.5 miles E of SR 80","CAUSE":"Vehicular trauma","YEAR":2010,"Date":"2010-12-12T00:00:00Z","PANTHERID2":" ","MORTID":null,"AGE_UNITS":"Years","COUNTY":"Hendry","last_edited_date":"2025-08-22T19:21:02Z"},"geometry":{"type":"Point","coordinates":[-81.07340103617868,26.753751574017194]}},
{"type":"Feature","properties":{"OBJECTID":389,"PANTHERID":"UCFP149","SEX":"Male","AGE":"1.5","LOCATION":"Golden Gate Blvd., 7th ST NW","CAUSE":"Vehicular trauma","YEAR":2010,"Date":"2010-12-13T00:00:00Z","PANTHERID2":" ","MORTID":null,"AGE_UNITS":"Years","COUNTY":"Collier","last_edited_date":"2025-08-22T19:21:02Z"},"geometry":{"type":"Point","coordinates":[-81.61819362843714,26.229684055463345]}},
{"type":"Feature","properties":{"OBJECTID":390,"PANTHERID":"UCFP150","SEX":"Male","AGE":"8.5","LOCATION":"CR 846, 1.5 miles S of CR 833","CAUSE":"Vehicular trauma","YEAR":2010,"Date":"2010-12-19T00:00:00Z","PANTHERID2":" ","MORTID":null,"AGE_UNITS":"Months","COUNTY":"Hendry","last_edited_date":"2025-08-22T19:21:02Z"},"geometry":{"type":"Point","coordinates":[-81.124455782962883,26.451105936080339]}},
{"type":"Feature","properties":{"OBJECTID":391,"PANTHERID":"UCFP151","SEX":"Female","AGE":"14","LOCATION":" ","CAUSE":"Intraspecific aggression","YEAR":2010,"Date":"2010-12-23T00:00:00Z","PANTHERID2":" ","MORTID":null,"AGE_UNITS":"Months","COUNTY":"Collier","last_edited_date":"2025-08-22T19:21:02Z"},"geometry":{"type":"Point","coordinates":[-81.432593980891809,26.279455257381038]}},
{"type":"Feature","properties":{"OBJECTID":392,"PANTHERID":"UCFP152","SEX":"Female","AGE":"3","LOCATION":"I-75, 98mm, eastbound","CAUSE":"Vehicular trauma","YEAR":2011,"Date":"2011-01-13T00:00:00Z","PANTHERID2":" ","MORTID":null,"AGE_UNITS":"Years","COUNTY":"Collier","last_edited_date":"2025-08-22T19:21:02Z"},"geometry":{"type":"Point","coordinates":[-81.632263221789088,26.154336676381337]}},
{"type":"Feature","properties":{"OBJECTID":393,"PANTHERID":"UCFP153","SEX":"Male","AGE":"8","LOCATION":"I-75, 98mm, westbound","CAUSE":"Vehicular trauma","YEAR":2011,"Date":"2011-01-21T00:00:00Z","PANTHERID2":" ","MORTID":null,"AGE_UNITS":"Months","COUNTY":"Collier","last_edited_date":"2025-08-22T19:21:02Z"},"geometry":{"type":"Point","coordinates":[-81.638129335410611,26.154924798713012]}},
{"type":"Feature","properties":{"OBJECTID":394,"PANTHERID":"UCFP154","SEX":"Male","AGE":"10.5","LOCATION":"Orange grove N of Sears Rd","CAUSE":"Intraspecific aggression","YEAR":2011,"Date":"2011-01-21T00:00:00Z","PANTHERID2":" ","MORTID":null,"AGE_UNITS":"Months","COUNTY":"Hendry","last_edited_date":"2025-08-22T19:21:02Z"},"geometry":{"type":"Point","coordinates":[-81.358657704000748,26.664897262468919]}},
{"type":"Feature","properties":{"OBJECTID":395,"PANTHERID":"UCFP155","SEX":"Female","AGE":"4","LOCATION":"Golden Gate Estates","CAUSE":"Unknown","YEAR":2011,"Date":"2011-02-23T00:00:00Z","PANTHERID2":" ","MORTID":null,"AGE_UNITS":"Years","COUNTY":"Collier","last_edited_date":"2025-08-22T19:21:02Z"},"geometry":{"type":"Point","coordinates":[-81.644344310126883,26.244368087768908]}},
{"type":"Feature","properties":{"OBJECTID":396,"PANTHERID":"UCFP156","SEX":"Male","AGE":"3.5","LOCATION":"I-75,  near 114mm","CAUSE":"Vehicular trauma","YEAR":2011,"Date":"2011-02-26T00:00:00Z","PANTHERID2":" ","MORTID":null,"AGE_UNITS":"Years","COUNTY":"Collier","last_edited_date":"2025-08-22T19:21:02Z"},"geometry":{"type":"Point","coordinates":[-81.744268763211863,26.31167530447598]}},
{"type":"Feature","properties":{"OBJECTID":397,"PANTHERID":"UCFP157","SEX":"Female","AGE":"3","LOCATION":"these remains likely have been at the site for at least several months.","CAUSE":"Unknown","YEAR":2011,"Date":"2011-03-15T00:00:00Z","PANTHERID2":" ","MORTID":null,"AGE_UNITS":"Years","COUNTY":"Collier","last_edited_date":"2025-08-22T19:21:02Z"},"geometry":{"type":"Point","coordinates":[-81.042976033031621,25.82500799590499]}},
{"type":"Feature","properties":{"OBJECTID":398,"PANTHERID":"UCFP158","SEX":"Male","AGE":" ","LOCATION":"The carcass was reportedly originally seen here, then moved to 17R 484212 3175865, where it was recovered by LE.","CAUSE":"Other","YEAR":2011,"Date":"2011-03-17T00:00:00Z","PANTHERID2":" ","MORTID":null,"AGE_UNITS":" ","COUNTY":"Seminole","last_edited_date":"2025-08-22T19:21:02Z"},"geometry":{"type":"Point","coordinates":[-81.082355116767374,28.714910581014063]}},
{"type":"Feature","properties":{"OBJECTID":399,"PANTHERID":"UCFP159","SEX":"Female","AGE":"4.5","LOCATION":"SR 29, near Farmworkers Village","CAUSE":"Illegal kill","YEAR":2011,"Date":"2011-03-25T00:00:00Z","PANTHERID2":" ","MORTID":null,"AGE_UNITS":"Years","COUNTY":"Collier","last_edited_date":"2025-08-22T19:21:02Z"},"geometry":{"type":"Point","coordinates":[-81.365562182508256,26.37985822999029]}},
{"type":"Feature","properties":{"OBJECTID":400,"PANTHERID":"UCFP160","SEX":"Male","AGE":"13","LOCATION":"US 41, at 50 mile bend","CAUSE":"Vehicular trauma","YEAR":2011,"Date":"2011-04-30T00:00:00Z","PANTHERID2":" ","MORTID":null,"AGE_UNITS":"Months","COUNTY":"Collier","last_edited_date":"2025-08-22T19:21:02Z"},"geometry":{"type":"Point","coordinates":[-80.872631652246071,25.804938849172931]}},
{"type":"Feature","properties":{"OBJECTID":401,"PANTHERID":"UCFP161","SEX":"Male","AGE":"8","LOCATION":"Silver Strand Grove, N of Immokalee","CAUSE":"Intraspecific aggression","YEAR":2011,"Date":"2011-07-06T00:00:00Z","PANTHERID2":" ","MORTID":null,"AGE_UNITS":"Years","COUNTY":"Collier","last_edited_date":"2025-08-22T19:21:02Z"},"geometry":{"type":"Point","coordinates":[-81.412473783515196,26.463476507798706]}},
{"type":"Feature","properties":{"OBJECTID":402,"PANTHERID":"UCFP162","SEX":"Male","AGE":"1","LOCATION":"SR 29, Owl Hammock Curve","CAUSE":"Vehicular trauma","YEAR":2011,"Date":"2011-07-11T00:00:00Z","PANTHERID2":" ","MORTID":null,"AGE_UNITS":"Years","COUNTY":"Collier","last_edited_date":"2025-08-22T19:21:02Z"},"geometry":{"type":"Point","coordinates":[-81.346001218672171,26.3620198043103]}},
{"type":"Feature","properties":{"OBJECTID":403,"PANTHERID":"UCFP163","SEX":"Male","AGE":"3.5","LOCATION":"Palmer Ranch","CAUSE":"Unknown","YEAR":2011,"Date":"2011-09-03T00:00:00Z","PANTHERID2":" ","MORTID":null,"AGE_UNITS":"Years","COUNTY":"Hendry","last_edited_date":"2025-08-22T19:21:02Z"},"geometry":{"type":"Point","coordinates":[-81.23495771667892,26.624714723342109]}},
{"type":"Feature","properties":{"OBJECTID":404,"PANTHERID":"UCFP164","SEX":"Female","AGE":"3.5","LOCATION":"SR 29, Owl Hammock Curve","CAUSE":"Vehicular trauma","YEAR":2011,"Date":"2011-09-19T00:00:00Z","PANTHERID2":" ","MORTID":null,"AGE_UNITS":"Years","COUNTY":"Collier","last_edited_date":"2025-08-22T19:21:02Z"},"geometry":{"type":"Point","coordinates":[-81.343697720477422,26.355849299512716]}},
{"type":"Feature","properties":{"OBJECTID":405,"PANTHERID":"UCFP165","SEX":"Female","AGE":"3.5","LOCATION":"SR 29, Collier-Hendry line","CAUSE":"Vehicular trauma","YEAR":2011,"Date":"2011-10-30T00:00:00Z","PANTHERID2":" ","MORTID":null,"AGE_UNITS":"Years","COUNTY":"Collier","last_edited_date":"2025-08-22T19:21:02Z"},"geometry":{"type":"Point","coordinates":[-81.435087426415862,26.509340421449945]}},
{"type":"Feature","properties":{"OBJECTID":406,"PANTHERID":"UCFP166","SEX":"Male","AGE":"4.5","LOCATION":"SR 82, 3.8km W of SR 29","CAUSE":"Vehicular trauma","YEAR":2012,"Date":"2012-01-02T00:00:00Z","PANTHERID2":" ","MORTID":null,"AGE_UNITS":"Years","COUNTY":"Collier","last_edited_date":"2025-08-22T19:21:02Z"},"geometry":{"type":"Point","coordinates":[-81.471478996695851,26.495085318675351]}},
{"type":"Feature","properties":{"OBJECTID":407,"PANTHERID":"UCFP167","SEX":"Female","AGE":"4","LOCATION":"US 41, 0.5km W of Manatee Rd","CAUSE":"Vehicular trauma","YEAR":2012,"Date":"2012-01-07T00:00:00Z","PANTHERID2":" ","MORTID":null,"AGE_UNITS":"Years","COUNTY":"Collier","last_edited_date":"2025-08-22T19:21:02Z"},"geometry":{"type":"Point","coordinates":[-81.681594664125285,26.052053033946354]}},
{"type":"Feature","properties":{"OBJECTID":408,"PANTHERID":"UCFP168","SEX":"Male","AGE":"5","LOCATION":"US 41, 0.4km E of Bass Rd","CAUSE":"Vehicular trauma","YEAR":2012,"Date":"2012-02-06T00:00:00Z","PANTHERID2":" ","MORTID":null,"AGE_UNITS":"Years","COUNTY":"Collier","last_edited_date":"2025-08-22T19:21:02Z"},"geometry":{"type":"Point","coordinates":[-81.290850009129215,25.899870646430823]}},
{"type":"Feature","properties":{"OBJECTID":409,"PANTHERID":"UCFP169","SEX":"Male","AGE":"63","LOCATION":"Orange grove N of Church Rd.","CAUSE":"Unknown","YEAR":2012,"Date":"2012-04-07T00:00:00Z","PANTHERID2":" ","MORTID":null,"AGE_UNITS":"Days","COUNTY":"Hendry","last_edited_date":"2025-08-22T19:21:02Z"},"geometry":{"type":"Point","coordinates":[-81.48040369736168,26.561156917212561]}},
{"type":"Feature","properties":{"OBJECTID":410,"PANTHERID":"UCFP170","SEX":"Male","AGE":"3.5","LOCATION":"Alico Rd, 0.1 km W of Airport Haul Rd","CAUSE":"Vehicular trauma","YEAR":2012,"Date":"2012-04-16T00:00:00Z","PANTHERID2":" ","MORTID":null,"AGE_UNITS":"Years","COUNTY":"Lee","last_edited_date":"2025-08-22T19:21:02Z"},"geometry":{"type":"Point","coordinates":[-81.755475968005939,26.492871476445849]}},
{"type":"Feature","properties":{"OBJECTID":411,"PANTHERID":"UCFP171","SEX":"Male","AGE":"1.5","LOCATION":"SR80, 23km E of I-75","CAUSE":"Vehicular trauma","YEAR":2012,"Date":"2012-05-23T00:00:00Z","PANTHERID2":" ","MORTID":null,"AGE_UNITS":"Years","COUNTY":"Lee","last_edited_date":"2025-08-22T19:21:02Z"},"geometry":{"type":"Point","coordinates":[-81.571643840833147,26.709542342091741]}},
{"type":"Feature","properties":{"OBJECTID":412,"PANTHERID":"UCFP173","SEX":"Female","AGE":"7","LOCATION":"CR 846, 2.4 km E of Oil Well Grade Rd","CAUSE":"Vehicular trauma","YEAR":2012,"Date":"2012-06-19T00:00:00Z","PANTHERID2":" ","MORTID":null,"AGE_UNITS":"Months","COUNTY":"Collier","last_edited_date":"2025-08-22T19:21:02Z"},"geometry":{"type":"Point","coordinates":[-81.497207844488074,26.366640105291427]}},
{"type":"Feature","properties":{"OBJECTID":413,"PANTHERID":"UCFP174","SEX":"Male","AGE":"10","LOCATION":"Private property, 2.1 km N of CR 832, E of OSSF","CAUSE":"Intraspecific aggression","YEAR":2012,"Date":"2012-08-28T00:00:00Z","PANTHERID2":" ","MORTID":null,"AGE_UNITS":"Months","COUNTY":"Hendry","last_edited_date":"2025-08-22T19:21:02Z"},"geometry":{"type":"Point","coordinates":[-81.23058791905116,26.624803135520864]}},
{"type":"Feature","properties":{"OBJECTID":414,"PANTHERID":"UCFP175","SEX":"Male","AGE":"13","LOCATION":"SR 29, 2.7km N of US 41","CAUSE":"Vehicular trauma","YEAR":2012,"Date":"2012-10-08T00:00:00Z","PANTHERID2":" ","MORTID":null,"AGE_UNITS":"Months","COUNTY":"Collier","last_edited_date":"2025-08-22T19:21:02Z"},"geometry":{"type":"Point","coordinates":[-81.357283559619873,25.933683492124281]}},
{"type":"Feature","properties":{"OBJECTID":415,"PANTHERID":"UCFP176","SEX":"Female","AGE":"3","LOCATION":"Immokalee Rd, 2 miles N of fairgrounds","CAUSE":"Vehicular trauma","YEAR":2012,"Date":"2012-10-09T00:00:00Z","PANTHERID2":" ","MORTID":null,"AGE_UNITS":"Months","COUNTY":"Collier","last_edited_date":"2025-08-22T19:21:02Z"},"geometry":{"type":"Point","coordinates":[-81.595080219353477,26.334330846630287]}},
{"type":"Feature","properties":{"OBJECTID":416,"PANTHERID":"UCFP177","SEX":"Female","AGE":"4","LOCATION":"18th Ave NE, Golden Gate Estates","CAUSE":"Vehicular trauma","YEAR":2012,"Date":"2012-11-04T00:00:00Z","PANTHERID2":" ","MORTID":null,"AGE_UNITS":"Months","COUNTY":"Collier","last_edited_date":"2025-08-22T19:21:02Z"},"geometry":{"type":"Point","coordinates":[-81.558425777728218,26.263328037363973]}},
{"type":"Feature","properties":{"OBJECTID":417,"PANTHERID":"UCFP178","SEX":"Female","AGE":"1","LOCATION":"SR 29, 1.5 miles S of I-75","CAUSE":"Vehicular trauma","YEAR":2012,"Date":"2012-11-14T00:00:00Z","PANTHERID2":" ","MORTID":null,"AGE_UNITS":"Years","COUNTY":"Collier","last_edited_date":"2025-08-22T19:21:02Z"},"geometry":{"type":"Point","coordinates":[-81.344969472328046,26.128231628351354]}},
{"type":"Feature","properties":{"OBJECTID":418,"PANTHERID":"UCFP179","SEX":"Male","AGE":"3","LOCATION":"SR 29, Owl Hammock Curve","CAUSE":"Vehicular trauma","YEAR":2012,"Date":"2012-11-19T00:00:00Z","PANTHERID2":" ","MORTID":null,"AGE_UNITS":"Years","COUNTY":"Collier","last_edited_date":"2025-08-22T19:21:02Z"},"geometry":{"type":"Point","coordinates":[-81.344783430261614,26.360334260056089]}},
{"type":"Feature","properties":{"OBJECTID":419,"PANTHERID":"UCFP180","SEX":"Male","AGE":"4.5","LOCATION":"US 41, 0.5 miles W of Manatee Road","CAUSE":"Vehicular trauma","YEAR":2012,"Date":"2012-11-19T00:00:00Z","PANTHERID2":" ","MORTID":null,"AGE_UNITS":"Years","COUNTY":"Collier","last_edited_date":"2025-08-22T19:21:02Z"},"geometry":{"type":"Point","coordinates":[-81.679819131176458,26.050977874134535]}},
{"type":"Feature","properties":{"OBJECTID":420,"PANTHERID":"UCFP181","SEX":"Female","AGE":"2.5","LOCATION":"Immokalee Rd, 3.6 miles N of Oil Well Rd","CAUSE":"Vehicular trauma","YEAR":2012,"Date":"2012-11-26T00:00:00Z","PANTHERID2":" ","MORTID":null,"AGE_UNITS":"Months","COUNTY":"Collier","last_edited_date":"2025-08-22T19:21:02Z"},"geometry":{"type":"Point","coordinates":[-81.595241204472174,26.344253203024191]}},
{"type":"Feature","properties":{"OBJECTID":421,"PANTHERID":"UCFP182","SEX":"Male","AGE":"3","LOCATION":"SR 528, Orange County","CAUSE":"Vehicular trauma","YEAR":2012,"Date":"2012-12-09T00:00:00Z","PANTHERID2":" ","MORTID":null,"AGE_UNITS":"Years","COUNTY":"Orange","last_edited_date":"2025-08-22T19:21:02Z"},"geometry":{"type":"Point","coordinates":[-81.007918513781505,28.452272484400257]}},
{"type":"Feature","properties":{"OBJECTID":422,"PANTHERID":"UCFP183","SEX":"Unknown","AGE":" ","LOCATION":"CR 835, 0.21km S of Dooley Grade Rd","CAUSE":"Vehicular trauma","YEAR":2012,"Date":"2012-12-28T00:00:00Z","PANTHERID2":" ","MORTID":null,"AGE_UNITS":" ","COUNTY":"Hendry","last_edited_date":"2025-08-22T19:21:02Z"},"geometry":{"type":"Point","coordinates":[-80.981570525641558,26.54985749857526]}},
{"type":"Feature","properties":{"OBJECTID":423,"PANTHERID":"UCFP184","SEX":"Female","AGE":"7","LOCATION":"CR 833, 2 miles E CR 846","CAUSE":"Vehicular trauma","YEAR":2013,"Date":"2013-01-01T00:00:00Z","PANTHERID2":" ","MORTID":null,"AGE_UNITS":"Months","COUNTY":"Hendry","last_edited_date":"2025-08-22T19:21:02Z"},"geometry":{"type":"Point","coordinates":[-81.091912442463396,26.459636159929847]}},
{"type":"Feature","properties":{"OBJECTID":424,"PANTHERID":"UCFP185","SEX":"Male","AGE":"10","LOCATION":"SR 29, 600 ft. S Oil Well Rd","CAUSE":"Vehicular trauma","YEAR":2013,"Date":"2013-01-03T00:00:00Z","PANTHERID2":" ","MORTID":null,"AGE_UNITS":"Months","COUNTY":"Collier","last_edited_date":"2025-08-22T19:21:02Z"},"geometry":{"type":"Point","coordinates":[-81.342573653213492,26.300845175559807]}},
{"type":"Feature","properties":{"OBJECTID":425,"PANTHERID":"UCFP186","SEX":"Male","AGE":"3","LOCATION":"Sadie Cypress, 2 miles S 846","CAUSE":"Intraspecific aggression","YEAR":2013,"Date":"2013-01-26T00:00:00Z","PANTHERID2":" ","MORTID":null,"AGE_UNITS":"Years","COUNTY":"Collier","last_edited_date":"2025-08-22T19:21:02Z"},"geometry":{"type":"Point","coordinates":[-81.302028464378338,26.403816613351779]}},
{"type":"Feature","properties":{"OBJECTID":426,"PANTHERID":"UCFP187","SEX":"Female","AGE":"4","LOCATION":"CR835","CAUSE":"Vehicular trauma","YEAR":2013,"Date":"2013-01-31T00:00:00Z","PANTHERID2":" ","MORTID":null,"AGE_UNITS":"Months","COUNTY":"Hendry","last_edited_date":"2025-08-22T19:21:02Z"},"geometry":{"type":"Point","coordinates":[-80.981420806196837,26.544449003438974]}},
{"type":"Feature","properties":{"OBJECTID":427,"PANTHERID":"UCFP188","SEX":"Male","AGE":"2.5","LOCATION":"OSSF, S of Dove Field Rd","CAUSE":"Intraspecific aggression","YEAR":2013,"Date":"2013-02-01T00:00:00Z","PANTHERID2":" ","MORTID":null,"AGE_UNITS":"Years","COUNTY":"Hendry","last_edited_date":"2025-08-22T19:21:02Z"},"geometry":{"type":"Point","coordinates":[-81.323745521020967,26.614780015682413]}},
{"type":"Feature","properties":{"OBJECTID":428,"PANTHERID":"UCFP189","SEX":"Female","AGE":"5.5","LOCATION":"Everglades Blvd S, Golden Gate Estates","CAUSE":"Vehicular trauma","YEAR":2013,"Date":"2013-02-20T00:00:00Z","PANTHERID2":" ","MORTID":null,"AGE_UNITS":"Months","COUNTY":"Collier","last_edited_date":"2025-08-22T19:21:02Z"},"geometry":{"type":"Point","coordinates":[-81.544129633581406,26.199744248170013]}},
{"type":"Feature","properties":{"OBJECTID":429,"PANTHERID":"UCFP191","SEX":"Male","AGE":"2.5","LOCATION":"SR 80, just E of Labelle","CAUSE":"Vehicular trauma","YEAR":2013,"Date":"2013-03-16T00:00:00Z","PANTHERID2":" ","MORTID":null,"AGE_UNITS":"Years","COUNTY":"Hendry","last_edited_date":"2025-08-22T19:21:02Z"},"geometry":{"type":"Point","coordinates":[-81.420253915880082,26.761761153892287]}},
{"type":"Feature","properties":{"OBJECTID":430,"PANTHERID":"UCFP192","SEX":"Female","AGE":"10","LOCATION":"CR 846, 2.3 miles W of County Line Road","CAUSE":"Vehicular trauma","YEAR":2013,"Date":"2013-04-28T00:00:00Z","PANTHERID2":" ","MORTID":null,"AGE_UNITS":"Years","COUNTY":"Collier","last_edited_date":"2025-08-22T19:21:02Z"},"geometry":{"type":"Point","coordinates":[-81.309545023931889,26.421308293467259]}},
{"type":"Feature","properties":{"OBJECTID":431,"PANTHERID":"UCFP193","SEX":"Male","AGE":"3","LOCATION":"US 192, E of Triple N WMA","CAUSE":"Vehicular trauma","YEAR":2013,"Date":"2013-05-31T00:00:00Z","PANTHERID2":" ","MORTID":null,"AGE_UNITS":"Years","COUNTY":"Osceola","last_edited_date":"2025-08-22T19:21:02Z"},"geometry":{"type":"Point","coordinates":[-80.974282006023486,28.126136765198595]}},
{"type":"Feature","properties":{"OBJECTID":432,"PANTHERID":"UCFP194","SEX":"Male","AGE":"2.5","LOCATION":"Orange River Road, 1.2km E of Staley Rd, Buckingham","CAUSE":"Vehicular trauma","YEAR":2013,"Date":"2013-06-29T00:00:00Z","PANTHERID2":" ","MORTID":null,"AGE_UNITS":"Years","COUNTY":"Lee","last_edited_date":"2025-08-22T19:21:02Z"},"geometry":{"type":"Point","coordinates":[-81.764296334805195,26.677451211006058]}},
{"type":"Feature","properties":{"OBJECTID":433,"PANTHERID":"UCFP195","SEX":"Male","AGE":"2.5","LOCATION":"CR 846, 7.9km E of County Line Rd","CAUSE":"Vehicular trauma","YEAR":2013,"Date":"2013-07-08T00:00:00Z","PANTHERID2":" ","MORTID":null,"AGE_UNITS":"Years","COUNTY":"Hendry","last_edited_date":"2025-08-22T19:21:02Z"},"geometry":{"type":"Point","coordinates":[-81.193409889847217,26.428347694031284]}},
{"type":"Feature","properties":{"OBJECTID":434,"PANTHERID":"UCFP196","SEX":"Male","AGE":"2.5","LOCATION":"I-75, 96.5mm","CAUSE":"Vehicular trauma","YEAR":2013,"Date":"2013-07-16T00:00:00Z","PANTHERID2":" ","MORTID":null,"AGE_UNITS":"Years","COUNTY":"Collier","last_edited_date":"2025-08-22T19:21:02Z"},"geometry":{"type":"Point","coordinates":[-81.602742582237624,26.151239763479641]}},
{"type":"Feature","properties":{"OBJECTID":435,"PANTHERID":"UCFP197","SEX":"Female","AGE":"16","LOCATION":"US41, 2.4km west of Oasis","CAUSE":"Vehicular trauma","YEAR":2013,"Date":"2013-08-07T00:00:00Z","PANTHERID2":" ","MORTID":null,"AGE_UNITS":"Months","COUNTY":"Collier","last_edited_date":"2025-08-22T19:21:02Z"},"geometry":{"type":"Point","coordinates":[-81.05757976279908,25.859344250236468]}},
{"type":"Feature","properties":{"OBJECTID":436,"PANTHERID":"UCFP198","SEX":"Female","AGE":"3","LOCATION":"I-75, 93 MM on Miller Canal Bridge","CAUSE":"Vehicular trauma","YEAR":2013,"Date":"2013-08-19T00:00:00Z","PANTHERID2":" ","MORTID":null,"AGE_UNITS":"Years","COUNTY":"Collier","last_edited_date":"2025-08-22T19:21:02Z"},"geometry":{"type":"Point","coordinates":[-81.555189043476432,26.153173586075702]}},
{"type":"Feature","properties":{"OBJECTID":437,"PANTHERID":"UCFP199","SEX":"Male","AGE":"4","LOCATION":"CR951,  Collier County","CAUSE":"Vehicular trauma","YEAR":2013,"Date":"2013-09-20T00:00:00Z","PANTHERID2":" ","MORTID":null,"AGE_UNITS":"Years","COUNTY":"Collier","last_edited_date":"2025-08-22T19:21:02Z"},"geometry":{"type":"Point","coordinates":[-81.687255458563271,26.10050487525222]}},
{"type":"Feature","properties":{"OBJECTID":438,"PANTHERID":"UCFP200","SEX":"Male","AGE":"2.5","LOCATION":"Treeline Ave. N of Daniels Pkwy.","CAUSE":"Vehicular trauma","YEAR":2013,"Date":"2013-11-12T00:00:00Z","PANTHERID2":" ","MORTID":null,"AGE_UNITS":"Years","COUNTY":"Lee","last_edited_date":"2025-08-22T19:21:02Z"},"geometry":{"type":"Point","coordinates":[-81.786292396805763,26.565367881467417]}},
{"type":"Feature","properties":{"OBJECTID":439,"PANTHERID":"UCFP201","SEX":"Male","AGE":"1","LOCATION":"Northbound I75 west of FakaUnion MM92","CAUSE":"Vehicular trauma","YEAR":2013,"Date":"2013-12-02T00:00:00Z","PANTHERID2":" ","MORTID":null,"AGE_UNITS":"Years","COUNTY":"Collier","last_edited_date":"2025-08-22T19:21:02Z"},"geometry":{"type":"Point","coordinates":[-81.524284139774551,26.153280370373977]}},
{"type":"Feature","properties":{"OBJECTID":440,"PANTHERID":"UCFP202","SEX":"Unknown","AGE":"9","LOCATION":"FL Panther National Wildlife Refuge","CAUSE":"Intraspecific aggression","YEAR":2013,"Date":"2013-12-11T00:00:00Z","PANTHERID2":" ","MORTID":null,"AGE_UNITS":"Months","COUNTY":"Collier","last_edited_date":"2025-08-22T19:21:02Z"},"geometry":{"type":"Point","coordinates":[-81.349585898159816,26.250633744021716]}},
{"type":"Feature","properties":{"OBJECTID":441,"PANTHERID":"UCFP203","SEX":"Male","AGE":"2.5","LOCATION":"I-75 near MM 111","CAUSE":"Vehicular trauma","YEAR":2014,"Date":"2014-01-02T00:00:00Z","PANTHERID2":" ","MORTID":null,"AGE_UNITS":"Years","COUNTY":"Collier","last_edited_date":"2025-08-22T19:21:02Z"},"geometry":{"type":"Point","coordinates":[-81.742824511037227,26.261102111753207]}},
{"type":"Feature","properties":{"OBJECTID":442,"PANTHERID":"UCFP204","SEX":"Male","AGE":"1.5","LOCATION":"SR 29, Owl Hammock Curve","CAUSE":"Vehicular trauma","YEAR":2014,"Date":"2014-01-22T00:00:00Z","PANTHERID2":" ","MORTID":null,"AGE_UNITS":"Years","COUNTY":"Collier","last_edited_date":"2025-08-22T19:21:02Z"},"geometry":{"type":"Point","coordinates":[-81.34376404891205,26.357943941650468]}},
{"type":"Feature","properties":{"OBJECTID":443,"PANTHERID":"UCFP206","SEX":"Male","AGE":"3","LOCATION":"SR80, Lee/Hendry Co line","CAUSE":"Vehicular trauma","YEAR":2014,"Date":"2014-03-01T00:00:00Z","PANTHERID2":" ","MORTID":null,"AGE_UNITS":"Years","COUNTY":"Hendry","last_edited_date":"2025-08-22T19:21:02Z"},"geometry":{"type":"Point","coordinates":[-81.555680113502973,26.709668939902659]}},
{"type":"Feature","properties":{"OBJECTID":444,"PANTHERID":"UCFP207","SEX":"Male","AGE":"1.5","LOCATION":"CR 833","CAUSE":"Vehicular trauma","YEAR":2014,"Date":"2014-03-08T00:00:00Z","PANTHERID2":" ","MORTID":null,"AGE_UNITS":"Years","COUNTY":"Hendry","last_edited_date":"2025-08-22T19:21:02Z"},"geometry":{"type":"Point","coordinates":[-81.121826119856621,26.459135231917731]}},
{"type":"Feature","properties":{"OBJECTID":445,"PANTHERID":"UCFP208","SEX":"Unknown","AGE":"2","LOCATION":"Concho Billy Trail, SBCNP","CAUSE":"Predation","YEAR":2014,"Date":"2014-03-29T00:00:00Z","PANTHERID2":" ","MORTID":null,"AGE_UNITS":"Years","COUNTY":"Collier","last_edited_date":"2025-08-22T19:21:02Z"},"geometry":{"type":"Point","coordinates":[-81.193688019050413,25.985193970217246]}},
{"type":"Feature","properties":{"OBJECTID":446,"PANTHERID":"UCFP209","SEX":"Male","AGE":"4","LOCATION":"CR 833, just S of CR 832","CAUSE":"Vehicular trauma","YEAR":2014,"Date":"2014-04-03T00:00:00Z","PANTHERID2":" ","MORTID":null,"AGE_UNITS":"Years","COUNTY":"Hendry","last_edited_date":"2025-08-22T19:21:02Z"},"geometry":{"type":"Point","coordinates":[-81.127414634979203,26.60542113398084]}},
{"type":"Feature","properties":{"OBJECTID":447,"PANTHERID":"UCFP210","SEX":"Male","AGE":"2.5","LOCATION":"CR 846, 6 miles E of Immokalee","CAUSE":"Vehicular trauma","YEAR":2014,"Date":"2014-04-08T00:00:00Z","PANTHERID2":" ","MORTID":null,"AGE_UNITS":"Years","COUNTY":"Collier","last_edited_date":"2025-08-22T19:21:02Z"},"geometry":{"type":"Point","coordinates":[-81.304422921477951,26.422186096652993]}},
{"type":"Feature","properties":{"OBJECTID":448,"PANTHERID":"UCFP211","SEX":"Male","AGE":"9","LOCATION":"Belle Meade, PSSF","CAUSE":"Unknown","YEAR":2014,"Date":"2014-04-11T00:00:00Z","PANTHERID2":" ","MORTID":null,"AGE_UNITS":"Months","COUNTY":"Collier","last_edited_date":"2025-08-22T19:21:02Z"},"geometry":{"type":"Point","coordinates":[-81.620179703721035,26.067625731060225]}},
{"type":"Feature","properties":{"OBJECTID":449,"PANTHERID":"UCFP212","SEX":"Male","AGE":"4.5","LOCATION":"US27, north of Lake Placid","CAUSE":"Vehicular trauma","YEAR":2014,"Date":"2014-04-14T00:00:00Z","PANTHERID2":" ","MORTID":null,"AGE_UNITS":"Years","COUNTY":"Highlands","last_edited_date":"2025-08-22T19:21:02Z"},"geometry":{"type":"Point","coordinates":[-81.396117680268972,27.365242994278713]}},
{"type":"Feature","properties":{"OBJECTID":450,"PANTHERID":"UCFP213","SEX":"Female","AGE":"3","LOCATION":"I-75 near MM 134","CAUSE":"Vehicular trauma","YEAR":2014,"Date":"2014-05-01T00:00:00Z","PANTHERID2":" ","MORTID":null,"AGE_UNITS":"Years","COUNTY":"Lee","last_edited_date":"2025-08-22T19:21:02Z"},"geometry":{"type":"Point","coordinates":[-81.792455485814358,26.576809111530746]}},
{"type":"Feature","properties":{"OBJECTID":451,"PANTHERID":"UCFP214","SEX":"Male","AGE":"14","LOCATION":"Oil Well Rd, east of Pacific Grade","CAUSE":"Vehicular trauma","YEAR":2014,"Date":"2014-05-16T00:00:00Z","PANTHERID2":" ","MORTID":null,"AGE_UNITS":"Months","COUNTY":"Collier","last_edited_date":"2025-08-22T19:21:02Z"},"geometry":{"type":"Point","coordinates":[-81.399504720346542,26.295027500260638]}},
{"type":"Feature","properties":{"OBJECTID":452,"PANTHERID":"UCFP216","SEX":"Female","AGE":"1","LOCATION":"Corkscrew Rd, near CREW gate 5","CAUSE":"Vehicular trauma","YEAR":2014,"Date":"2014-06-25T00:00:00Z","PANTHERID2":" ","MORTID":null,"AGE_UNITS":"Years","COUNTY":"Lee","last_edited_date":"2025-08-22T19:21:02Z"},"geometry":{"type":"Point","coordinates":[-81.562960569406968,26.461635444417631]}},
{"type":"Feature","properties":{"OBJECTID":453,"PANTHERID":"UCFP217","SEX":"Female","AGE":"2","LOCATION":"CR833","CAUSE":"Vehicular trauma","YEAR":2014,"Date":"2014-08-06T00:00:00Z","PANTHERID2":" ","MORTID":null,"AGE_UNITS":"Years","COUNTY":"Hendry","last_edited_date":"2025-08-22T19:21:02Z"},"geometry":{"type":"Point","coordinates":[-81.128824085644922,26.679963618505699]}},
{"type":"Feature","properties":{"OBJECTID":454,"PANTHERID":"UCFP218","SEX":"Female","AGE":"4","LOCATION":"Immokalee Rd/Wildwood Blvd (Bonita Bay Club East)","CAUSE":"Vehicular trauma","YEAR":2014,"Date":"2014-08-24T00:00:00Z","PANTHERID2":" ","MORTID":null,"AGE_UNITS":"Months","COUNTY":"Collier","last_edited_date":"2025-08-22T19:21:02Z"},"geometry":{"type":"Point","coordinates":[-81.653089099336555,26.27368246521144]}},
{"type":"Feature","properties":{"OBJECTID":455,"PANTHERID":"UCFP219","SEX":"Male","AGE":"4","LOCATION":"Immokalee Rd/Krape Rd","CAUSE":"Vehicular trauma","YEAR":2014,"Date":"2014-08-24T00:00:00Z","PANTHERID2":" ","MORTID":null,"AGE_UNITS":"Months","COUNTY":"Collier","last_edited_date":"2025-08-22T19:21:02Z"},"geometry":{"type":"Point","coordinates":[-81.652746572386903,26.273322856255962]}},
{"type":"Feature","properties":{"OBJECTID":456,"PANTHERID":"UCFP220","SEX":"Female","AGE":"3.5","LOCATION":"CR833, N of BCSIR","CAUSE":"Vehicular trauma","YEAR":2013,"Date":"2013-09-02T00:00:00Z","PANTHERID2":" ","MORTID":null,"AGE_UNITS":"Years","COUNTY":"Hendry","last_edited_date":"2025-08-22T19:21:02Z"},"geometry":{"type":"Point","coordinates":[-81.008441274807936,26.346049073492839]}},
{"type":"Feature","properties":{"OBJECTID":457,"PANTHERID":"UCFP222","SEX":"Male","AGE":"3","LOCATION":"Florida's Turnpike, MM 192, Yeehaw Junction","CAUSE":"Vehicular trauma","YEAR":2014,"Date":"2014-10-20T00:00:00Z","PANTHERID2":" ","MORTID":null,"AGE_UNITS":"Years","COUNTY":"Osceola","last_edited_date":"2025-08-22T19:21:02Z"},"geometry":{"type":"Point","coordinates":[-80.89357141721446,27.683871869105829]}},
{"type":"Feature","properties":{"OBJECTID":458,"PANTHERID":"UCFP223","SEX":"Female","AGE":"3.5","LOCATION":"County Line Road, just south of CR846","CAUSE":"Vehicular trauma","YEAR":2014,"Date":"2014-11-13T00:00:00Z","PANTHERID2":" ","MORTID":null,"AGE_UNITS":"Years","COUNTY":"Collier","last_edited_date":"2025-08-22T19:21:02Z"},"geometry":{"type":"Point","coordinates":[-81.272004677912477,26.410721044604774]}},
{"type":"Feature","properties":{"OBJECTID":459,"PANTHERID":"UCFP224","SEX":"Male","AGE":"6","LOCATION":"Golden Gate Blvd/6th St NE","CAUSE":"Vehicular trauma","YEAR":2014,"Date":"2014-11-28T00:00:00Z","PANTHERID2":" ","MORTID":null,"AGE_UNITS":"Months","COUNTY":"Collier","last_edited_date":"2025-08-22T19:21:02Z"},"geometry":{"type":"Point","coordinates":[-81.594258239842503,26.23007394519809]}},
{"type":"Feature","properties":{"OBJECTID":460,"PANTHERID":"UCFP225","SEX":"Male","AGE":"4","LOCATION":"Flaghole Road, 8km south of US27","CAUSE":"Vehicular trauma","YEAR":2014,"Date":"2014-12-18T00:00:00Z","PANTHERID2":" ","MORTID":null,"AGE_UNITS":"Years","COUNTY":"Hendry","last_edited_date":"2025-08-22T19:21:02Z"},"geometry":{"type":"Point","coordinates":[-81.064187747552026,26.680594417633284]}},
{"type":"Feature","properties":{"OBJECTID":461,"PANTHERID":"UCFP226","SEX":"Male","AGE":"3","LOCATION":"Collier Blvd, 2.4km south of US41","CAUSE":"Vehicular trauma","YEAR":2014,"Date":"2014-12-18T00:00:00Z","PANTHERID2":" ","MORTID":null,"AGE_UNITS":"Years","COUNTY":"Collier","last_edited_date":"2025-08-22T19:21:02Z"},"geometry":{"type":"Point","coordinates":[-81.699984547282099,26.041427775558674]}},
{"type":"Feature","properties":{"OBJECTID":462,"PANTHERID":"UCFP227","SEX":"Male","AGE":"2","LOCATION":"US41, MM 57, 3.8 km west of the Oasis Visitor Center","CAUSE":"Vehicular trauma","YEAR":2015,"Date":"2015-12-19T00:00:00Z","PANTHERID2":" ","MORTID":null,"AGE_UNITS":"Years","COUNTY":"Collier","last_edited_date":"2025-08-22T19:21:02Z"},"geometry":{"type":"Point","coordinates":[-81.070375412254194,25.860693117096833]}},
{"type":"Feature","properties":{"OBJECTID":463,"PANTHERID":"UCFP228","SEX":"Male","AGE":"2","LOCATION":"Golden Gate Blvd/10th St NE","CAUSE":"Vehicular trauma","YEAR":2014,"Date":"2014-12-28T00:00:00Z","PANTHERID2":" ","MORTID":null,"AGE_UNITS":"Years","COUNTY":"Collier","last_edited_date":"2025-08-22T19:21:02Z"},"geometry":{"type":"Point","coordinates":[-81.587970740374502,26.230018539555054]}},
{"type":"Feature","properties":{"OBJECTID":464,"PANTHERID":"UCFP229","SEX":"Female","AGE":"2.5","LOCATION":"16th ST SE, Golden Gate Estates","CAUSE":"Vehicular trauma","YEAR":2014,"Date":"2014-12-31T00:00:00Z","PANTHERID2":" ","MORTID":null,"AGE_UNITS":"Years","COUNTY":"Collier","last_edited_date":"2025-08-22T19:21:02Z"},"geometry":{"type":"Point","coordinates":[-81.574435492334089,26.221928841317112]}},
{"type":"Feature","properties":{"OBJECTID":465,"PANTHERID":"UCFP230","SEX":"Female","AGE":"1.5","LOCATION":"I-75 1/2 mile east of west toll booth","CAUSE":"Vehicular trauma","YEAR":2015,"Date":"2015-01-16T00:00:00Z","PANTHERID2":" ","MORTID":null,"AGE_UNITS":"Years","COUNTY":"Collier","last_edited_date":"2025-08-22T19:21:02Z"},"geometry":{"type":"Point","coordinates":[-81.654079540102444,26.155322767030942]}},
{"type":"Feature","properties":{"OBJECTID":466,"PANTHERID":"UCFP231","SEX":"Female","AGE":"1.5","LOCATION":"Immokalee Rd, 250m S of Bethune RD","CAUSE":"Vehicular trauma","YEAR":2015,"Date":"2015-01-20T00:00:00Z","PANTHERID2":" ","MORTID":null,"AGE_UNITS":"Years","COUNTY":"Collier","last_edited_date":"2025-08-22T19:21:02Z"},"geometry":{"type":"Point","coordinates":[-81.417167004391416,26.40173041425944]}},
{"type":"Feature","properties":{"OBJECTID":467,"PANTHERID":"UCFP232","SEX":"Male","AGE":"4","LOCATION":"MM132, I75","CAUSE":"Vehicular trauma","YEAR":2015,"Date":"2015-01-25T00:00:00Z","PANTHERID2":" ","MORTID":null,"AGE_UNITS":"Years","COUNTY":"Lee","last_edited_date":"2025-08-22T19:21:02Z"},"geometry":{"type":"Point","coordinates":[-81.792982218479068,26.565809318115448]}},
{"type":"Feature","properties":{"OBJECTID":468,"PANTHERID":"UCFP233","SEX":"Male","AGE":"5.5","LOCATION":"MM95, I75","CAUSE":"Vehicular trauma","YEAR":2015,"Date":"2015-01-25T00:00:00Z","PANTHERID2":" ","MORTID":null,"AGE_UNITS":"Years","COUNTY":"Collier","last_edited_date":"2025-08-22T19:21:02Z"},"geometry":{"type":"Point","coordinates":[-81.569807540883289,26.153432523707323]}},
{"type":"Feature","properties":{"OBJECTID":469,"PANTHERID":"UCFP234","SEX":"Unknown","AGE":"4.5","LOCATION":"Corkscrew Swamp Sanctuary (skeletal remains)","CAUSE":"Unknown","YEAR":2015,"Date":"2015-01-29T00:00:00Z","PANTHERID2":" ","MORTID":null,"AGE_UNITS":"Years","COUNTY":"Collier","last_edited_date":"2025-08-22T19:21:02Z"},"geometry":{"type":"Point","coordinates":[-81.604384118153789,26.368060811035537]}},
{"type":"Feature","properties":{"OBJECTID":470,"PANTHERID":"UCFP235","SEX":"Male","AGE":"10","LOCATION":"Golden Gate Estates","CAUSE":"Unknown","YEAR":2015,"Date":"2015-02-06T00:00:00Z","PANTHERID2":" ","MORTID":null,"AGE_UNITS":"Months","COUNTY":"Collier","last_edited_date":"2025-08-22T19:21:02Z"},"geometry":{"type":"Point","coordinates":[-81.610047833985121,26.216924384840784]}},
{"type":"Feature","properties":{"OBJECTID":471,"PANTHERID":"UCFP236","SEX":"Male","AGE":"1","LOCATION":"CR846, 1/2 mi south of CR833 intersection","CAUSE":"Vehicular trauma","YEAR":2015,"Date":"2015-02-15T00:00:00Z","PANTHERID2":" ","MORTID":null,"AGE_UNITS":"Years","COUNTY":"Hendry","last_edited_date":"2025-08-22T19:21:02Z"},"geometry":{"type":"Point","coordinates":[-81.12450734555577,26.452415137724515]}},
{"type":"Feature","properties":{"OBJECTID":472,"PANTHERID":"UCFP237","SEX":"Male","AGE":"2.5","LOCATION":"CR951, 300 m north of Port au Prince Rd","CAUSE":"Vehicular trauma","YEAR":2015,"Date":"2015-03-08T00:00:00Z","PANTHERID2":" ","MORTID":null,"AGE_UNITS":"Years","COUNTY":"Collier","last_edited_date":"2025-08-22T19:21:02Z"},"geometry":{"type":"Point","coordinates":[-81.700922512073177,26.027707566699576]}},
{"type":"Feature","properties":{"OBJECTID":473,"PANTHERID":"UCFP238","SEX":"Male","AGE":"5","LOCATION":"Immokalee Road, 3.4km west of Camp Keais Rd.","CAUSE":"Vehicular trauma","YEAR":2015,"Date":"2015-03-22T00:00:00Z","PANTHERID2":" ","MORTID":null,"AGE_UNITS":"Years","COUNTY":"Collier","last_edited_date":"2025-08-22T19:21:02Z"},"geometry":{"type":"Point","coordinates":[-81.445590127431387,26.36730661910951]}},
{"type":"Feature","properties":{"OBJECTID":474,"PANTHERID":"UCFP239","SEX":"Male","AGE":"3.5","LOCATION":"I75, 1.1 miles east of tollbooth","CAUSE":"Vehicular trauma","YEAR":2015,"Date":"2015-04-03T00:00:00Z","PANTHERID2":" ","MORTID":null,"AGE_UNITS":"Years","COUNTY":"Collier","last_edited_date":"2025-08-22T19:21:02Z"},"geometry":{"type":"Point","coordinates":[-81.650695869158696,26.154967893695556]}},
{"type":"Feature","properties":{"OBJECTID":475,"PANTHERID":"UCFP240","SEX":"Female","AGE":"1","LOCATION":"SR29, 1.3 mi N. of CR858","CAUSE":"Vehicular trauma","YEAR":2015,"Date":"2015-04-13T00:00:00Z","PANTHERID2":" ","MORTID":null,"AGE_UNITS":"Years","COUNTY":"Collier","last_edited_date":"2025-08-22T19:21:02Z"},"geometry":{"type":"Point","coordinates":[-81.34296435966327,26.321268686383938]}},
{"type":"Feature","properties":{"OBJECTID":476,"PANTHERID":"UCFP241","SEX":"Male","AGE":" ","LOCATION":"I-75, 0.5 miles S of Exit 123, Corkscrew Road","CAUSE":"Vehicular trauma","YEAR":2015,"Date":"2015-04-30T00:00:00Z","PANTHERID2":" ","MORTID":null,"AGE_UNITS":" ","COUNTY":"Lee","last_edited_date":"2025-08-22T19:21:02Z"},"geometry":{"type":"Point","coordinates":[-81.773583973489593,26.418837716075611]}},
{"type":"Feature","properties":{"OBJECTID":477,"PANTHERID":"UCFP242","SEX":"Female","AGE":"3","LOCATION":"CR833, 1/4 mi  south of CR832","CAUSE":"Vehicular trauma","YEAR":2015,"Date":"2015-05-19T00:00:00Z","PANTHERID2":" ","MORTID":null,"AGE_UNITS":"Years","COUNTY":"Hendry","last_edited_date":"2025-08-22T19:21:02Z"},"geometry":{"type":"Point","coordinates":[-81.127553010687521,26.603398494519741]}},
{"type":"Feature","properties":{"OBJECTID":478,"PANTHERID":"UCFP243","SEX":"Male","AGE":"4","LOCATION":"US 41, BCNP","CAUSE":"Vehicular trauma","YEAR":2015,"Date":"2015-06-11T00:00:00Z","PANTHERID2":" ","MORTID":null,"AGE_UNITS":"Years","COUNTY":"Collier","last_edited_date":"2025-08-22T19:21:02Z"},"geometry":{"type":"Point","coordinates":[-81.168188149313366,25.870554791532733]}},
{"type":"Feature","properties":{"OBJECTID":479,"PANTHERID":"UCFP244","SEX":"Male","AGE":"1.5","LOCATION":"Immokalee Rd., 0.4 mi south of Wild Turkey Dr.","CAUSE":"Vehicular trauma","YEAR":2015,"Date":"2015-07-05T00:00:00Z","PANTHERID2":" ","MORTID":null,"AGE_UNITS":"Years","COUNTY":"Collier","last_edited_date":"2025-08-22T19:21:02Z"},"geometry":{"type":"Point","coordinates":[-81.595195907519951,26.347151742025332]}},
{"type":"Feature","properties":{"OBJECTID":480,"PANTHERID":"UCFP245","SEX":"Male","AGE":"10.5","LOCATION":"Daniels Pkwy, 1 mi SW of SR82","CAUSE":"Vehicular trauma","YEAR":2015,"Date":"2015-07-08T00:00:00Z","PANTHERID2":" ","MORTID":null,"AGE_UNITS":"Months","COUNTY":"Lee","last_edited_date":"2025-08-22T19:21:02Z"},"geometry":{"type":"Point","coordinates":[-81.726527797414207,26.570948943970251]}},
{"type":"Feature","properties":{"OBJECTID":481,"PANTHERID":"UCFP246","SEX":"Unknown","AGE":"14","LOCATION":"Lee County Port Authority Mitigation Land","CAUSE":"Unknown","YEAR":2015,"Date":"2015-07-01T00:00:00Z","PANTHERID2":" ","MORTID":null,"AGE_UNITS":"Days","COUNTY":"Lee","last_edited_date":"2025-08-22T19:21:02Z"},"geometry":{"type":"Point","coordinates":[-81.63945322330602,26.489384445999651]}},
{"type":"Feature","properties":{"OBJECTID":482,"PANTHERID":"UCFP247","SEX":"Male","AGE":"2.5","LOCATION":"SR80, 5 mi west of LaBelle","CAUSE":"Vehicular trauma","YEAR":2015,"Date":"2015-07-13T00:00:00Z","PANTHERID2":" ","MORTID":null,"AGE_UNITS":"Years","COUNTY":"Hendry","last_edited_date":"2025-08-22T19:21:02Z"},"geometry":{"type":"Point","coordinates":[-81.505677736249424,26.712402004817221]}},
{"type":"Feature","properties":{"OBJECTID":483,"PANTHERID":"UCFP248","SEX":"Female","AGE":"4.5","LOCATION":"Golden Gate Blvd (2300 GGBlvd E)","CAUSE":"Vehicular trauma","YEAR":2015,"Date":"2015-07-30T00:00:00Z","PANTHERID2":" ","MORTID":null,"AGE_UNITS":"Months","COUNTY":"Collier","last_edited_date":"2025-08-22T19:21:02Z"},"geometry":{"type":"Point","coordinates":[-81.558258388101763,26.230398863704728]}},
{"type":"Feature","properties":{"OBJECTID":484,"PANTHERID":"UCFP249","SEX":"Male","AGE":"4","LOCATION":"CR858. 1/4 mi west of County Line Rd","CAUSE":"Vehicular trauma","YEAR":2015,"Date":"2015-09-22T00:00:00Z","PANTHERID2":" ","MORTID":null,"AGE_UNITS":"Months","COUNTY":"Collier","last_edited_date":"2025-08-22T19:21:02Z"},"geometry":{"type":"Point","coordinates":[-81.273676002350641,26.311431155297058]}},
{"type":"Feature","properties":{"OBJECTID":485,"PANTHERID":"UCFP250","SEX":"Male","AGE":"3.5","LOCATION":"US41, just west of Trail Lakes Campground","CAUSE":"Vehicular trauma","YEAR":2015,"Date":"2015-09-28T00:00:00Z","PANTHERID2":" ","MORTID":null,"AGE_UNITS":"Years","COUNTY":"Collier","last_edited_date":"2025-08-22T19:21:02Z"},"geometry":{"type":"Point","coordinates":[-81.279407181328054,25.894998924382129]}},
{"type":"Feature","properties":{"OBJECTID":486,"PANTHERID":"UCFP251","SEX":"Female","AGE":"3","LOCATION":"US 41, west of CR 92","CAUSE":"Vehicular trauma","YEAR":2015,"Date":"2015-10-08T00:00:00Z","PANTHERID2":" ","MORTID":null,"AGE_UNITS":"Years","COUNTY":"Collier","last_edited_date":"2025-08-22T19:21:02Z"},"geometry":{"type":"Point","coordinates":[-81.603437371036634,26.001934767898334]}},
{"type":"Feature","properties":{"OBJECTID":487,"PANTHERID":"UCFP252","SEX":"Male","AGE":"4","LOCATION":"CSSP near boat ramp","CAUSE":"Other","YEAR":2015,"Date":"2015-10-31T00:00:00Z","PANTHERID2":" ","MORTID":null,"AGE_UNITS":"Months","COUNTY":"Collier","last_edited_date":"2025-08-22T19:21:02Z"},"geometry":{"type":"Point","coordinates":[-81.594162838811727,25.987652273738618]}},
{"type":"Feature","properties":{"OBJECTID":488,"PANTHERID":"UCFP254","SEX":"Male","AGE":"9","LOCATION":"CR846, just W Everglades Blvd","CAUSE":"Vehicular trauma","YEAR":2015,"Date":"2015-11-23T00:00:00Z","PANTHERID2":" ","MORTID":null,"AGE_UNITS":"Months","COUNTY":"Collier","last_edited_date":"2025-08-22T19:21:02Z"},"geometry":{"type":"Point","coordinates":[-81.548024111944599,26.366237965148063]}},
{"type":"Feature","properties":{"OBJECTID":489,"PANTHERID":"UCFP255","SEX":"Female","AGE":"1","LOCATION":"CR832","CAUSE":"Vehicular trauma","YEAR":2015,"Date":"2015-12-08T00:00:00Z","PANTHERID2":" ","MORTID":null,"AGE_UNITS":"Years","COUNTY":"Hendry","last_edited_date":"2025-08-22T19:21:02Z"},"geometry":{"type":"Point","coordinates":[-81.301904350833425,26.582901372427653]}},
{"type":"Feature","properties":{"OBJECTID":490,"PANTHERID":"UCFP256","SEX":"Female","AGE":"2.5","LOCATION":"Corkscrew Road","CAUSE":"Vehicular trauma","YEAR":2015,"Date":"2015-12-15T00:00:00Z","PANTHERID2":" ","MORTID":null,"AGE_UNITS":"Years","COUNTY":"Collier","last_edited_date":"2025-08-22T19:21:02Z"},"geometry":{"type":"Point","coordinates":[-81.529248930017289,26.495442592693333]}},
{"type":"Feature","properties":{"OBJECTID":491,"PANTHERID":"UCFP257","SEX":"Male","AGE":"6","LOCATION":"CR835, 2.5 km S of Dooley Grade Rd","CAUSE":"Vehicular trauma","YEAR":2015,"Date":"2015-12-16T00:00:00Z","PANTHERID2":" ","MORTID":null,"AGE_UNITS":"Years","COUNTY":"Hendry","last_edited_date":"2025-08-22T19:21:02Z"},"geometry":{"type":"Point","coordinates":[-80.981142323156519,26.528494391959104]}},
{"type":"Feature","properties":{"OBJECTID":492,"PANTHERID":"UCFP258","SEX":"Male","AGE":"1.5","LOCATION":"SR29, Owl Hammock Curve","CAUSE":"Vehicular trauma","YEAR":2015,"Date":"2015-12-21T00:00:00Z","PANTHERID2":" ","MORTID":null,"AGE_UNITS":"Years","COUNTY":"Collier","last_edited_date":"2025-08-22T19:21:02Z"},"geometry":{"type":"Point","coordinates":[-81.347307686391432,26.363181422821729]}},
{"type":"Feature","properties":{"OBJECTID":493,"PANTHERID":"UCFP259","SEX":"Female","AGE":"7","LOCATION":"CR832. 3 mi west of CR833","CAUSE":"Vehicular trauma","YEAR":2015,"Date":"2015-12-31T00:00:00Z","PANTHERID2":" ","MORTID":null,"AGE_UNITS":"Months","COUNTY":"Hendry","last_edited_date":"2025-08-22T19:21:02Z"},"geometry":{"type":"Point","coordinates":[-81.175105781840315,26.606065686236224]}},
{"type":"Feature","properties":{"OBJECTID":494,"PANTHERID":"UCFP260","SEX":"Male","AGE":"6","LOCATION":"18th Ave SE, W of Desoto","CAUSE":"Unknown","YEAR":2016,"Date":"2016-01-03T00:00:00Z","PANTHERID2":" ","MORTID":null,"AGE_UNITS":"Months","COUNTY":"Collier","last_edited_date":"2025-08-22T19:21:02Z"},"geometry":{"type":"Point","coordinates":[-81.517333196817319,26.199192997480459]}},
{"type":"Feature","properties":{"OBJECTID":495,"PANTHERID":"UCFP262","SEX":"Female","AGE":"8","LOCATION":"Daniel's Parkway, 1/2 mile east of Treeline Avenue","CAUSE":"Vehicular trauma","YEAR":2016,"Date":"2016-01-20T00:00:00Z","PANTHERID2":" ","MORTID":null,"AGE_UNITS":"Months","COUNTY":"Lee","last_edited_date":"2025-08-22T19:21:02Z"},"geometry":{"type":"Point","coordinates":[-81.777527833162139,26.547593410934979]}},
{"type":"Feature","properties":{"OBJECTID":496,"PANTHERID":"UCFP263","SEX":"Male","AGE":"2.5","LOCATION":"Florida Turnpike, south of Ft. Drum Service Plaza. near Yeehaw Junction","CAUSE":"Vehicular trauma","YEAR":2016,"Date":"2016-01-21T00:00:00Z","PANTHERID2":" ","MORTID":null,"AGE_UNITS":"Years","COUNTY":"Okeechobee","last_edited_date":"2025-08-22T19:21:02Z"},"geometry":{"type":"Point","coordinates":[-80.817761053280833,27.595266816924337]}},
{"type":"Feature","properties":{"OBJECTID":497,"PANTHERID":"UCFP264","SEX":"Female","AGE":"4","LOCATION":"SR82, 1.4 km west of Church Rd, Hendry Co. Near Lazy Creek Park","CAUSE":"Vehicular trauma","YEAR":2016,"Date":"2016-01-30T00:00:00Z","PANTHERID2":" ","MORTID":null,"AGE_UNITS":"Years","COUNTY":"Hendry","last_edited_date":"2025-08-22T19:21:02Z"},"geometry":{"type":"Point","coordinates":[-81.545039580969615,26.513829374185516]}},
{"type":"Feature","properties":{"OBJECTID":498,"PANTHERID":"UCFP265","SEX":"Male","AGE":"2.5","LOCATION":"I75, 2 km north of Daniel's Parkway","CAUSE":"Vehicular trauma","YEAR":2016,"Date":"2016-02-02T00:00:00Z","PANTHERID2":" ","MORTID":null,"AGE_UNITS":"Years","COUNTY":"Lee","last_edited_date":"2025-08-22T19:21:02Z"},"geometry":{"type":"Point","coordinates":[-81.793958263078181,26.56611988347542]}},
{"type":"Feature","properties":{"OBJECTID":499,"PANTHERID":"UCFP266","SEX":"Female","AGE":"1.5","LOCATION":"SR 82 between Jaguar Blvd. and Sparta Ave. Road right of way","CAUSE":"Vehicular trauma","YEAR":2016,"Date":"2016-02-12T00:00:00Z","PANTHERID2":" ","MORTID":null,"AGE_UNITS":"Years","COUNTY":"Lee","last_edited_date":"2025-08-22T19:21:02Z"},"geometry":{"type":"Point","coordinates":[-81.633105804371795,26.537699207911746]}},
{"type":"Feature","properties":{"OBJECTID":500,"PANTHERID":"UCFP267","SEX":"Male","AGE":"5.5","LOCATION":"Westbound lane of SR82 a few hundred feet east of Hendry Co. line. SR82","CAUSE":"Vehicular trauma","YEAR":2016,"Date":"2016-02-15T00:00:00Z","PANTHERID2":" ","MORTID":null,"AGE_UNITS":"Months","COUNTY":"Collier","last_edited_date":"2025-08-22T19:21:02Z"},"geometry":{"type":"Point","coordinates":[-81.542577530006568,26.513143528375107]}},
{"type":"Feature","properties":{"OBJECTID":501,"PANTHERID":"UCFP268","SEX":"Male","AGE":"4","LOCATION":"1.25 mi east of CR850 (Corkscrew Rd) SR82","CAUSE":"Vehicular trauma","YEAR":2016,"Date":"2016-02-17T00:00:00Z","PANTHERID2":" ","MORTID":null,"AGE_UNITS":"Years","COUNTY":"Collier","last_edited_date":"2025-08-22T19:21:02Z"},"geometry":{"type":"Point","coordinates":[-81.498570988369849,26.501819200183245]}},
{"type":"Feature","properties":{"OBJECTID":502,"PANTHERID":"UCFP269","SEX":"Male","AGE":"2","LOCATION":" 16th hole of one of Lely Golf Course; 193 m west of CR951","CAUSE":"Unknown","YEAR":2016,"Date":"2016-02-18T00:00:00Z","PANTHERID2":" ","MORTID":null,"AGE_UNITS":"Years","COUNTY":"Collier","last_edited_date":"2025-08-22T19:21:02Z"},"geometry":{"type":"Point","coordinates":[-81.68930027628997,26.097903697818023]}},
{"type":"Feature","properties":{"OBJECTID":503,"PANTHERID":"UCFP270","SEX":"Unknown","AGE":"3","LOCATION":"over hump on west side of L28I road directly adjacent to southern most bridge on canal.","CAUSE":"Unknown","YEAR":2016,"Date":"2016-03-05T00:00:00Z","PANTHERID2":" ","MORTID":null,"AGE_UNITS":"Years","COUNTY":"Collier","last_edited_date":"2025-08-22T19:21:02Z"},"geometry":{"type":"Point","coordinates":[-80.906851096593286,26.20724452110964]}},
{"type":"Feature","properties":{"OBJECTID":504,"PANTHERID":"UCFP271","SEX":"Male","AGE":"3","LOCATION":"Lakeland, approximately one mile from FWC regional office.","CAUSE":"Vehicular trauma","YEAR":2016,"Date":"2016-03-09T00:00:00Z","PANTHERID2":" ","MORTID":null,"AGE_UNITS":"Years","COUNTY":"Polk","last_edited_date":"2025-08-22T19:21:02Z"},"geometry":{"type":"Point","coordinates":[-82.022103048156069,28.01016692332869]}},
{"type":"Feature","properties":{"OBJECTID":505,"PANTHERID":"UCFP272","SEX":"Male","AGE":"15","LOCATION":"Golden Gate Estates, western end of Golden Gate Blvd; just east of 3815 GG Blvd. On west bound lanes of GG Blvd, approximately 0.3 miles east of the intersection with CR951","CAUSE":"Vehicular trauma","YEAR":2016,"Date":"2016-03-25T00:00:00Z","PANTHERID2":" ","MORTID":null,"AGE_UNITS":"Months","COUNTY":"Collier","last_edited_date":"2025-08-22T19:21:02Z"},"geometry":{"type":"Point","coordinates":[-81.683584687387125,26.229108029491236]}},
{"type":"Feature","properties":{"OBJECTID":506,"PANTHERID":"UCFP273","SEX":"Male","AGE":"1","LOCATION":"I-75 near MM96 Hit in southbound (westbound) lanes of the Alley along unfenced area surrounded by Belle Meade.","CAUSE":"Vehicular trauma","YEAR":2016,"Date":"2016-04-01T00:00:00Z","PANTHERID2":" ","MORTID":null,"AGE_UNITS":"Years","COUNTY":"Collier","last_edited_date":"2025-08-22T19:21:02Z"},"geometry":{"type":"Point","coordinates":[-81.600953144158396,26.153468464952194]}},
{"type":"Feature","properties":{"OBJECTID":507,"PANTHERID":"UCFP274","SEX":"Male","AGE":"3","LOCATION":"I-75 0.6 mi north of SR82 (exit 138)","CAUSE":"Vehicular trauma","YEAR":2016,"Date":"2016-04-06T00:00:00Z","PANTHERID2":" ","MORTID":null,"AGE_UNITS":"Years","COUNTY":"Lee","last_edited_date":"2025-08-22T19:21:02Z"},"geometry":{"type":"Point","coordinates":[-81.800107292861796,26.643261704607042]}},
{"type":"Feature","properties":{"OBJECTID":508,"PANTHERID":"UCFP275","SEX":"Male","AGE":"3","LOCATION":"Immokalee Road 2 miles east of CR951 (Collier Blvd)","CAUSE":"Vehicular trauma","YEAR":2016,"Date":"2016-04-06T00:00:00Z","PANTHERID2":" ","MORTID":null,"AGE_UNITS":"Years","COUNTY":"Collier","last_edited_date":"2025-08-22T19:21:02Z"},"geometry":{"type":"Point","coordinates":[-81.657393218928874,26.273256508330281]}},
{"type":"Feature","properties":{"OBJECTID":509,"PANTHERID":"UCFP276","SEX":"Male","AGE":"4.5","LOCATION":"I75. 0.65 miles south of Bonita Beach Rd exit, Exit 116.  North bound land, east side of roadway.","CAUSE":"Vehicular trauma","YEAR":2016,"Date":"2016-04-09T00:00:00Z","PANTHERID2":" ","MORTID":null,"AGE_UNITS":"Years","COUNTY":"Lee","last_edited_date":"2025-08-22T19:21:02Z"},"geometry":{"type":"Point","coordinates":[-81.747609955436644,26.321833604757831]}},
{"type":"Feature","properties":{"OBJECTID":510,"PANTHERID":"UCFP277","SEX":"Male","AGE":"5.5","LOCATION":"GG Blvd - 650 ft east of 22nd St NE/SE intersection; 200 ft east of canal","CAUSE":"Vehicular trauma","YEAR":2016,"Date":"2016-04-10T00:00:00Z","PANTHERID2":" ","MORTID":null,"AGE_UNITS":"Months","COUNTY":"Collier","last_edited_date":"2025-08-22T19:21:02Z"},"geometry":{"type":"Point","coordinates":[-81.560130731255256,26.230436725722686]}},
{"type":"Feature","properties":{"OBJECTID":511,"PANTHERID":"UCFP278","SEX":"Male","AGE":"17","LOCATION":"Randall blvd, 110m east of 16 st NE","CAUSE":"Vehicular trauma","YEAR":2016,"Date":"2016-04-15T00:00:00Z","PANTHERID2":" ","MORTID":null,"AGE_UNITS":"Months","COUNTY":"Collier","last_edited_date":"2025-08-22T19:21:02Z"},"geometry":{"type":"Point","coordinates":[-81.573798249116933,26.277669086009865]}},
{"type":"Feature","properties":{"OBJECTID":512,"PANTHERID":"UCFP279","SEX":"Female","AGE":"3.5","LOCATION":"I-75 south bound lanes right at the 122 MM.","CAUSE":"Vehicular trauma","YEAR":2016,"Date":"2016-04-26T00:00:00Z","PANTHERID2":" ","MORTID":null,"AGE_UNITS":"Years","COUNTY":"Lee","last_edited_date":"2025-08-22T19:21:02Z"},"geometry":{"type":"Point","coordinates":[-81.773505622495918,26.410098220727424]}},
{"type":"Feature","properties":{"OBJECTID":513,"PANTHERID":"UCFP280","SEX":"Male","AGE":"1","LOCATION":"on CR833 (Josie Billie Hwy), 735 m north of the intersection with CR835","CAUSE":"Vehicular trauma","YEAR":2016,"Date":"2016-04-26T00:00:00Z","PANTHERID2":" ","MORTID":null,"AGE_UNITS":"Years","COUNTY":"Hendry","last_edited_date":"2025-08-22T19:21:02Z"},"geometry":{"type":"Point","coordinates":[-81.02785552492692,26.438164250762675]}},
{"type":"Feature","properties":{"OBJECTID":514,"PANTHERID":"UCFP281","SEX":"Male","AGE":"4","LOCATION":"OK slough WMA, 3.5 miles north of Keri Rd on Twin Mills Grade.  Was located in the open 20yds west of grade.","CAUSE":"Intraspecific aggression","YEAR":2016,"Date":"2016-04-28T00:00:00Z","PANTHERID2":" ","MORTID":null,"AGE_UNITS":"Years","COUNTY":"Hendry","last_edited_date":"2025-08-22T19:21:02Z"},"geometry":{"type":"Point","coordinates":[-81.303892618182488,26.639870239104276]}},
{"type":"Feature","properties":{"OBJECTID":515,"PANTHERID":"UCFP282","SEX":"Male","AGE":"2.5","LOCATION":"SR29 1/4 mile north of US41","CAUSE":"Vehicular trauma","YEAR":2016,"Date":"2016-05-03T00:00:00Z","PANTHERID2":" ","MORTID":null,"AGE_UNITS":"Years","COUNTY":"Collier","last_edited_date":"2025-08-22T19:21:02Z"},"geometry":{"type":"Point","coordinates":[-81.361512813366772,25.915667490127909]}},
{"type":"Feature","properties":{"OBJECTID":516,"PANTHERID":"UCFP283","SEX":"Male","AGE":"2.5","LOCATION":"US27 4.5 miles south of SR70","CAUSE":"Vehicular trauma","YEAR":2016,"Date":"2016-05-26T00:00:00Z","PANTHERID2":" ","MORTID":null,"AGE_UNITS":"Years","COUNTY":"Highlands","last_edited_date":"2025-08-22T19:21:02Z"},"geometry":{"type":"Point","coordinates":[-81.328730835083746,27.141410607617665]}},
{"type":"Feature","properties":{"OBJECTID":517,"PANTHERID":"UCFP284","SEX":"Female","AGE":"6","LOCATION":"CR858/Campe Keais Rd intersection","CAUSE":"Vehicular trauma","YEAR":2016,"Date":"2016-06-16T00:00:00Z","PANTHERID2":" ","MORTID":null,"AGE_UNITS":"Months","COUNTY":"Collier","last_edited_date":"2025-08-22T19:21:02Z"},"geometry":{"type":"Point","coordinates":[-81.416244004596422,26.295160504303787]}},
{"type":"Feature","properties":{"OBJECTID":518,"PANTHERID":"UCFP285","SEX":"Female","AGE":"3","LOCATION":"SR82 half mile west of Church rd","CAUSE":"Vehicular trauma","YEAR":2016,"Date":"2016-08-05T00:00:00Z","PANTHERID2":" ","MORTID":null,"AGE_UNITS":"Years","COUNTY":"Collier","last_edited_date":"2025-08-22T19:21:02Z"},"geometry":{"type":"Point","coordinates":[-81.538497270236633,26.511931048236629]}},
{"type":"Feature","properties":{"OBJECTID":519,"PANTHERID":"UCFP286","SEX":"Male","AGE":"2","LOCATION":"SR80, south side near the Hendry/Lee boundary line","CAUSE":"Vehicular trauma","YEAR":2016,"Date":"2016-10-10T00:00:00Z","PANTHERID2":" ","MORTID":null,"AGE_UNITS":"Years","COUNTY":"Hendry","last_edited_date":"2025-08-22T19:21:02Z"},"geometry":{"type":"Point","coordinates":[-81.565077998894182,26.709306802471048]}},
{"type":"Feature","properties":{"OBJECTID":520,"PANTHERID":"UCFP287","SEX":"Male","AGE":"3.5","LOCATION":"US27, just north of intersection of CR731 (Venus).","CAUSE":"Vehicular trauma","YEAR":2016,"Date":"2016-10-18T00:00:00Z","PANTHERID2":" ","MORTID":null,"AGE_UNITS":"Years","COUNTY":"Highlands","last_edited_date":"2025-08-22T19:21:02Z"},"geometry":{"type":"Point","coordinates":[-81.336651731440355,27.070239251286626]}},
{"type":"Feature","properties":{"OBJECTID":521,"PANTHERID":"UCFP288","SEX":"Male","AGE":"6","LOCATION":"Daniels Parkway 2.4km southwest of SR82","CAUSE":"Vehicular trauma","YEAR":2016,"Date":"2016-10-28T00:00:00Z","PANTHERID2":" ","MORTID":null,"AGE_UNITS":"Months","COUNTY":"Lee","last_edited_date":"2025-08-22T19:21:02Z"},"geometry":{"type":"Point","coordinates":[-81.730914204682151,26.56597877403356]}},
{"type":"Feature","properties":{"OBJECTID":522,"PANTHERID":"UCFP289","SEX":"Female","AGE":"3","LOCATION":"Golden Gate Blvd 1 km west of Everglades Blvd","CAUSE":"Vehicular trauma","YEAR":2016,"Date":"2016-10-31T00:00:00Z","PANTHERID2":" ","MORTID":null,"AGE_UNITS":"Years","COUNTY":"Collier","last_edited_date":"2025-08-22T19:21:02Z"},"geometry":{"type":"Point","coordinates":[-81.554395280455523,26.230684696152462]}},
{"type":"Feature","properties":{"OBJECTID":523,"PANTHERID":"UCFP290","SEX":"Female","AGE":" ","LOCATION":"SR29 2.3 miles south of CR858, right at entrance to Sunniland mine.","CAUSE":"Vehicular trauma","YEAR":2016,"Date":"2016-11-16T00:00:00Z","PANTHERID2":" ","MORTID":null,"AGE_UNITS":" ","COUNTY":"Collier","last_edited_date":"2025-08-22T19:21:02Z"},"geometry":{"type":"Point","coordinates":[-81.34216033542134,26.269234206347054]}},
{"type":"Feature","properties":{"OBJECTID":524,"PANTHERID":"UCFP291","SEX":"Male","AGE":"9","LOCATION":"CR832 two miles east of SR29 near entrance to Spirit of the Wild WMA","CAUSE":"Vehicular trauma","YEAR":2016,"Date":"2016-11-20T00:00:00Z","PANTHERID2":" ","MORTID":null,"AGE_UNITS":"Months","COUNTY":"Hendry","last_edited_date":"2025-08-22T19:21:02Z"},"geometry":{"type":"Point","coordinates":[-81.403347101005281,26.596202683895832]}},
{"type":"Feature","properties":{"OBJECTID":525,"PANTHERID":"UCFP292","SEX":"Female","AGE":"2","LOCATION":"SR 29 two miles north of CR858 near entrance to citrus grove","CAUSE":"Vehicular trauma","YEAR":2016,"Date":"2016-12-06T00:00:00Z","PANTHERID2":" ","MORTID":null,"AGE_UNITS":"Years","COUNTY":"Collier","last_edited_date":"2025-08-22T19:21:02Z"},"geometry":{"type":"Point","coordinates":[-81.343037485391918,26.325683867806777]}},
{"type":"Feature","properties":{"OBJECTID":526,"PANTHERID":"UCFP293","SEX":"Female","AGE":"4","LOCATION":"Just south of Daniels Pkwy on road to RSW","CAUSE":"Vehicular trauma","YEAR":2016,"Date":"2016-12-08T00:00:00Z","PANTHERID2":" ","MORTID":null,"AGE_UNITS":"Months","COUNTY":"Lee","last_edited_date":"2025-08-22T19:21:02Z"},"geometry":{"type":"Point","coordinates":[-81.749600140527704,26.555309080893551]}},
{"type":"Feature","properties":{"OBJECTID":527,"PANTHERID":"UCFP294","SEX":"Female","AGE":"2","LOCATION":"Corkscrew Rd 1/4 mile east of Ben Hill Griffin Pkwy","CAUSE":"Vehicular trauma","YEAR":2016,"Date":"2016-12-09T00:00:00Z","PANTHERID2":" ","MORTID":null,"AGE_UNITS":"Years","COUNTY":"Lee","last_edited_date":"2025-08-22T19:21:02Z"},"geometry":{"type":"Point","coordinates":[-81.767912995302595,26.437693394223121]}},
{"type":"Feature","properties":{"OBJECTID":528,"PANTHERID":"UCFP295","SEX":"Female","AGE":"4.5","LOCATION":"intersection of Ben Hill Griffin Pkwy and FGCU Blvd","CAUSE":"Vehicular trauma","YEAR":2016,"Date":"2016-12-10T00:00:00Z","PANTHERID2":" ","MORTID":null,"AGE_UNITS":"Months","COUNTY":"Lee","last_edited_date":"2025-08-22T19:21:02Z"},"geometry":{"type":"Point","coordinates":[-81.784587601591198,26.462287535363995]}},
{"type":"Feature","properties":{"OBJECTID":529,"PANTHERID":"UCFP296","SEX":"Male","AGE":"3","LOCATION":"On CR832, 5 miles west of CR833; near Triburton","CAUSE":"Vehicular trauma","YEAR":2017,"Date":"2017-01-12T00:00:00Z","PANTHERID2":" ","MORTID":null,"AGE_UNITS":"Months","COUNTY":"Hendry","last_edited_date":"2025-08-22T19:21:02Z"},"geometry":{"type":"Point","coordinates":[-81.206453358608798,26.60567153109178]}},
{"type":"Feature","properties":{"OBJECTID":530,"PANTHERID":"UCFP299","SEX":"Female","AGE":" ","LOCATION":"about 200' south of east end of 2nd Ave NE, east of Desoto Blvd","CAUSE":"Unknown","YEAR":2017,"Date":"2017-02-23T00:00:00Z","PANTHERID2":" ","MORTID":null,"AGE_UNITS":" ","COUNTY":"Collier","last_edited_date":"2025-08-22T19:21:02Z"},"geometry":{"type":"Point","coordinates":[-81.509735647325357,26.233477560025978]}},
{"type":"Feature","properties":{"OBJECTID":531,"PANTHERID":"UCFP300","SEX":"Male","AGE":"5.5","LOCATION":"SR82 1/2 mile east of CR850","CAUSE":"Vehicular trauma","YEAR":2017,"Date":"2017-02-27T00:00:00Z","PANTHERID2":" ","MORTID":null,"AGE_UNITS":"Years","COUNTY":"Collier","last_edited_date":"2025-08-22T19:21:02Z"},"geometry":{"type":"Point","coordinates":[-81.509251070903943,26.504733974559223]}},
{"type":"Feature","properties":{"OBJECTID":532,"PANTHERID":"UCFP301","SEX":"Male","AGE":"2.75","LOCATION":"NE Four Mile Grade Road 2 miles north of SR70, 12 miles east of Arcadia; extensive orange groves on east side, open cattle ranchlands on west side","CAUSE":"Vehicular trauma","YEAR":2017,"Date":"2017-02-28T00:00:00Z","PANTHERID2":" ","MORTID":null,"AGE_UNITS":"Years","COUNTY":"DeSoto","last_edited_date":"2025-08-22T19:21:02Z"},"geometry":{"type":"Point","coordinates":[-81.694496670594845,27.240667220874741]}},
{"type":"Feature","properties":{"OBJECTID":533,"PANTHERID":"UCFP302","SEX":"Female","AGE":"2.5","LOCATION":"SR82, 2.8km west of junction with CR850.  Just where new 4 lane section begins.","CAUSE":"Vehicular trauma","YEAR":2017,"Date":"2017-03-04T00:00:00Z","PANTHERID2":" ","MORTID":null,"AGE_UNITS":"Years","COUNTY":"Hendry","last_edited_date":"2025-08-22T19:21:02Z"},"geometry":{"type":"Point","coordinates":[-81.544707247656603,26.513586861054161]}},
{"type":"Feature","properties":{"OBJECTID":534,"PANTHERID":"UCFP303","SEX":"Female","AGE":"2","LOCATION":"SR 82 1.4 miles east of CR850","CAUSE":"Vehicular trauma","YEAR":2017,"Date":"2017-03-09T00:00:00Z","PANTHERID2":" ","MORTID":null,"AGE_UNITS":"Months","COUNTY":"Collier","last_edited_date":"2025-08-22T19:21:02Z"},"geometry":{"type":"Point","coordinates":[-81.496130262743591,26.501304022869888]}},
{"type":"Feature","properties":{"OBJECTID":535,"PANTHERID":"UCFP304","SEX":"Female","AGE":"4","LOCATION":"CR 846 approximately 2 miles east of Immokalee","CAUSE":"Vehicular trauma","YEAR":2017,"Date":"2017-03-14T00:00:00Z","PANTHERID2":" ","MORTID":null,"AGE_UNITS":"Years","COUNTY":"Collier","last_edited_date":"2025-08-22T19:21:02Z"},"geometry":{"type":"Point","coordinates":[-81.374811276279118,26.419102496421967]}},
{"type":"Feature","properties":{"OBJECTID":536,"PANTHERID":"UCFP305","SEX":"Female","AGE":"1.5","LOCATION":"CR835, 0.37km south of Dooley Grade","CAUSE":"Vehicular trauma","YEAR":2017,"Date":"2017-04-05T00:00:00Z","PANTHERID2":" ","MORTID":null,"AGE_UNITS":"Years","COUNTY":"Hendry","last_edited_date":"2025-08-22T19:21:02Z"},"geometry":{"type":"Point","coordinates":[-80.981480402010092,26.548421848054669]}},
{"type":"Feature","properties":{"OBJECTID":537,"PANTHERID":"UCFP306","SEX":"Male","AGE":"2.5","LOCATION":"I-4 center median near exit 58","CAUSE":"Vehicular trauma","YEAR":2017,"Date":"2017-04-13T00:00:00Z","PANTHERID2":" ","MORTID":null,"AGE_UNITS":"Years","COUNTY":"Polk","last_edited_date":"2025-08-22T19:21:02Z"},"geometry":{"type":"Point","coordinates":[-81.616059778293973,28.258017005297969]}},
{"type":"Feature","properties":{"OBJECTID":538,"PANTHERID":"UCFP307","SEX":"Female","AGE":"4.5","LOCATION":"CR846. 2.6 miles west of CR858 (County Line Rd)","CAUSE":"Vehicular trauma","YEAR":2017,"Date":"2017-04-20T00:00:00Z","PANTHERID2":" ","MORTID":null,"AGE_UNITS":"Years","COUNTY":"Collier","last_edited_date":"2025-08-22T19:21:02Z"},"geometry":{"type":"Point","coordinates":[-81.313995167863169,26.42043178359539]}},
{"type":"Feature","properties":{"OBJECTID":539,"PANTHERID":"UCFP308","SEX":"Female","AGE":"3.5","LOCATION":"Keri Rd., CR 832. ","CAUSE":"Vehicular trauma","YEAR":2017,"Date":"2017-05-08T00:00:00Z","PANTHERID2":" ","MORTID":null,"AGE_UNITS":"Years","COUNTY":"Hendry","last_edited_date":"2025-08-22T19:21:02Z"},"geometry":{"type":"Point","coordinates":[-81.222503558103369,26.605394529144068]}},
{"type":"Feature","properties":{"OBJECTID":540,"PANTHERID":"UCFP309","SEX":"Male","AGE":" ","LOCATION":"1274 Keri Island Rd.  North side of GG E just S of Immokalee Rd. Carcass was under a bougainvillea bush.","CAUSE":"Unknown","YEAR":2017,"Date":"2017-06-11T00:00:00Z","PANTHERID2":" ","MORTID":null,"AGE_UNITS":"Years","COUNTY":"Collier","last_edited_date":"2025-08-22T19:21:02Z"},"geometry":{"type":"Point","coordinates":[-81.631403264570991,26.258321499385975]}},
{"type":"Feature","properties":{"OBJECTID":541,"PANTHERID":"UCFP310","SEX":"Male","AGE":"2.5","LOCATION":"Carcass was located on the north side of CR846 where it had been pulled off the road by the individual who hit  (vehicle collision) the animal","CAUSE":"Vehicular trauma","YEAR":2017,"Date":"2017-06-16T00:00:00Z","PANTHERID2":" ","MORTID":null,"AGE_UNITS":"Years","COUNTY":"Hendry","last_edited_date":"2025-08-22T19:21:02Z"},"geometry":{"type":"Point","coordinates":[-81.238429360647416,26.423458073039356]}},
{"type":"Feature","properties":{"OBJECTID":542,"PANTHERID":"UCFP311","SEX":"Male","AGE":"5","LOCATION":"Immokalee Rd/Richards Rd intersection. 2 miles east of Collier Blvd (CR951).","CAUSE":"Vehicular trauma","YEAR":2017,"Date":"2017-07-03T00:00:00Z","PANTHERID2":" ","MORTID":null,"AGE_UNITS":"Years","COUNTY":"Collier","last_edited_date":"2025-08-22T19:21:02Z"},"geometry":{"type":"Point","coordinates":[-81.656999639678034,26.272725589575511]}},
{"type":"Feature","properties":{"OBJECTID":543,"PANTHERID":"UCFP312","SEX":"Female","AGE":"2.5","LOCATION":"Collier Blvd (CR951). 400 feet north of City Gate Blvd (near BP gas station) by canal.","CAUSE":"Vehicular trauma","YEAR":2017,"Date":"2017-07-18T00:00:00Z","PANTHERID2":" ","MORTID":null,"AGE_UNITS":"Years","COUNTY":"Collier","last_edited_date":"2025-08-22T19:21:02Z"},"geometry":{"type":"Point","coordinates":[-81.686689919966469,26.169680993971468]}},
{"type":"Feature","properties":{"OBJECTID":544,"PANTHERID":"UCFP313","SEX":"Male","AGE":"2","LOCATION":"CREW Marsh Trails hiking area; Pop Ash Slough Trail","CAUSE":"Intraspecific aggression","YEAR":2017,"Date":"2017-04-14T00:00:00Z","PANTHERID2":" ","MORTID":null,"AGE_UNITS":"Years","COUNTY":"Collier","last_edited_date":"2025-08-22T19:21:02Z"},"geometry":{"type":"Point","coordinates":[-81.538369643617742,26.482388653003749]}},
{"type":"Feature","properties":{"OBJECTID":545,"PANTHERID":"UCFP314","SEX":"Male","AGE":"1.5","LOCATION":"Ft. Denaud Road; 1.2km north of SR80","CAUSE":"Vehicular trauma","YEAR":2017,"Date":"2017-08-18T00:00:00Z","PANTHERID2":" ","MORTID":null,"AGE_UNITS":"Years","COUNTY":"Hendry","last_edited_date":"2025-08-22T19:21:02Z"},"geometry":{"type":"Point","coordinates":[-81.518173689921596,26.721187036914507]}},
{"type":"Feature","properties":{"OBJECTID":546,"PANTHERID":"UCFP315","SEX":"Female","AGE":"1","LOCATION":"CR846. Rocky Lake curve, directly across from Robert's Ranch Rd","CAUSE":"Vehicular trauma","YEAR":2017,"Date":"2017-08-24T00:00:00Z","PANTHERID2":" ","MORTID":null,"AGE_UNITS":"Years","COUNTY":"Collier","last_edited_date":"2025-08-22T19:21:02Z"},"geometry":{"type":"Point","coordinates":[-81.128473894748197,26.429179248660049]}},
{"type":"Feature","properties":{"OBJECTID":547,"PANTHERID":"UCFP316","SEX":"Male","AGE":"3.5","LOCATION":"SR98, north of Lake Istokpoga","CAUSE":"Vehicular trauma","YEAR":2017,"Date":"2017-09-16T00:00:00Z","PANTHERID2":" ","MORTID":null,"AGE_UNITS":"Years","COUNTY":"Highlands","last_edited_date":"2025-08-22T19:21:02Z"},"geometry":{"type":"Point","coordinates":[-81.272274656903477,27.450745830938551]}},
{"type":"Feature","properties":{"OBJECTID":548,"PANTHERID":"UCFP317","SEX":"Female","AGE":"1.5","LOCATION":"CR835.  1 mile south of Dooley Grade.","CAUSE":"Vehicular trauma","YEAR":2017,"Date":"2017-10-15T00:00:00Z","PANTHERID2":" ","MORTID":null,"AGE_UNITS":"Years","COUNTY":"Hendry","last_edited_date":"2025-08-22T19:21:02Z"},"geometry":{"type":"Point","coordinates":[-80.981311973820979,26.534598149089348]}},
{"type":"Feature","properties":{"OBJECTID":549,"PANTHERID":"UCFP319","SEX":"Male","AGE":"2","LOCATION":"Daniel's Parkway, on the median","CAUSE":"Vehicular trauma","YEAR":2017,"Date":"2017-11-23T00:00:00Z","PANTHERID2":" ","MORTID":null,"AGE_UNITS":"Years","COUNTY":"Lee","last_edited_date":"2025-08-22T19:21:02Z"},"geometry":{"type":"Point","coordinates":[-81.73210213932181,26.564898258411237]}},
{"type":"Feature","properties":{"OBJECTID":550,"PANTHERID":"UCFP321","SEX":"Male","AGE":"2.5","LOCATION":"Private property east of SR29 and north of SR78, 1.3km W-NW of SR78-Ortona Rd intersection.","CAUSE":"Intraspecific aggression","YEAR":2017,"Date":"2017-12-20T00:00:00Z","PANTHERID2":" ","MORTID":null,"AGE_UNITS":"Years","COUNTY":"Glades","last_edited_date":"2025-08-22T19:21:02Z"},"geometry":{"type":"Point","coordinates":[-81.329268204233088,26.816752221014948]}},
{"type":"Feature","properties":{"OBJECTID":551,"PANTHERID":"UCFP322","SEX":"Female","AGE":"3.5","LOCATION":"North end of Snake Road approximately 1 mile east of Rotenberger access road.","CAUSE":"Vehicular trauma","YEAR":2018,"Date":"2018-01-08T00:00:00Z","PANTHERID2":" ","MORTID":null,"AGE_UNITS":"Years","COUNTY":"Hendry","last_edited_date":"2025-08-22T19:21:02Z"},"geometry":{"type":"Point","coordinates":[-80.885689320629538,26.300278608670894]}},
{"type":"Feature","properties":{"OBJECTID":552,"PANTHERID":"UCFP323","SEX":"Male","AGE":"1.5","LOCATION":"North side of Immokalee Rd, just west of Wildwood","CAUSE":"Vehicular trauma","YEAR":2018,"Date":"2018-01-13T00:00:00Z","PANTHERID2":" ","MORTID":null,"AGE_UNITS":"Years","COUNTY":"Collier","last_edited_date":"2025-08-22T19:21:02Z"},"geometry":{"type":"Point","coordinates":[-81.652786682053815,26.273331703032319]}},
{"type":"Feature","properties":{"OBJECTID":553,"PANTHERID":"UCFP324","SEX":"Male","AGE":"2.5","LOCATION":"SR80.    1.4 mi west of Cowboy Way","CAUSE":"Vehicular trauma","YEAR":2018,"Date":"2018-01-30T00:00:00Z","PANTHERID2":" ","MORTID":null,"AGE_UNITS":"Years","COUNTY":"Hendry","last_edited_date":"2025-08-22T19:21:02Z"},"geometry":{"type":"Point","coordinates":[-81.478002716166245,26.73215353185493]}},
{"type":"Feature","properties":{"OBJECTID":554,"PANTHERID":"UCFP325","SEX":"Female","AGE":"3","LOCATION":"CR835, 1/2 mile south of Dooley Grade Rd","CAUSE":"Vehicular trauma","YEAR":2018,"Date":"2018-02-02T00:00:00Z","PANTHERID2":" ","MORTID":null,"AGE_UNITS":"Years","COUNTY":"Hendry","last_edited_date":"2025-08-22T19:21:02Z"},"geometry":{"type":"Point","coordinates":[-80.981511469683468,26.54249871228156]}},
{"type":"Feature","properties":{"OBJECTID":555,"PANTHERID":"UCFP326","SEX":"Female","AGE":"0.4","LOCATION":"CR835, 1/2 mile south of Dooley Grade Rd","CAUSE":"Vehicular trauma","YEAR":2018,"Date":"2018-02-03T00:00:00Z","PANTHERID2":" ","MORTID":null,"AGE_UNITS":" ","COUNTY":"Hendry","last_edited_date":"2025-08-22T19:21:02Z"},"geometry":{"type":"Point","coordinates":[-80.981360992328021,26.541848592124587]}},
{"type":"Feature","properties":{"OBJECTID":556,"PANTHERID":"UCFP327","SEX":"Male","AGE":"4","LOCATION":"Immokalee Rd south of Stockade St","CAUSE":"Vehicular trauma","YEAR":2018,"Date":"2018-02-05T00:00:00Z","PANTHERID2":" ","MORTID":null,"AGE_UNITS":"Months","COUNTY":"Collier","last_edited_date":"2025-08-22T19:21:02Z"},"geometry":{"type":"Point","coordinates":[-81.417105090568,26.390082900623874]}},
{"type":"Feature","properties":{"OBJECTID":557,"PANTHERID":"UCFP328","SEX":"Female","AGE":"5.5","LOCATION":"2.19km NNW of Ave Maria.  Was 8.8km east of junction with Everglades Blvd","CAUSE":"Vehicular trauma","YEAR":2018,"Date":"2018-02-19T00:00:00Z","PANTHERID2":" ","MORTID":null,"AGE_UNITS":"Years","COUNTY":"Collier","last_edited_date":"2025-08-22T19:21:02Z"},"geometry":{"type":"Point","coordinates":[-81.458318156158967,26.366869165212986]}},
{"type":"Feature","properties":{"OBJECTID":558,"PANTHERID":"UCFP329","SEX":"Male","AGE":"2","LOCATION":"On US HWY 27, 1.75 km west of Co Rd 720.","CAUSE":"Vehicular trauma","YEAR":2018,"Date":"2018-02-22T00:00:00Z","PANTHERID2":" ","MORTID":null,"AGE_UNITS":"Years","COUNTY":"Hendry","last_edited_date":"2025-08-22T19:21:02Z"},"geometry":{"type":"Point","coordinates":[-80.995497258359563,26.754212920100056]}},
{"type":"Feature","properties":{"OBJECTID":559,"PANTHERID":"UCFP330","SEX":"Female","AGE":"5.5","LOCATION":"SR29, Jerome","CAUSE":"Vehicular trauma","YEAR":2018,"Date":"2018-02-28T00:00:00Z","PANTHERID2":" ","MORTID":null,"AGE_UNITS":"Years","COUNTY":"Collier","last_edited_date":"2025-08-22T19:21:02Z"},"geometry":{"type":"Point","coordinates":[-81.347052948012774,25.996871834596728]}},
{"type":"Feature","properties":{"OBJECTID":560,"PANTHERID":"UCFP331","SEX":"Female","AGE":"6","LOCATION":"CR846, 2.5 miles west of County line Road","CAUSE":"Vehicular trauma","YEAR":2018,"Date":"2018-02-28T00:00:00Z","PANTHERID2":" ","MORTID":null,"AGE_UNITS":"Years","COUNTY":"Collier","last_edited_date":"2025-08-22T19:21:02Z"},"geometry":{"type":"Point","coordinates":[-81.312541780874881,26.420687785514708]}},
{"type":"Feature","properties":{"OBJECTID":561,"PANTHERID":"UCFP332","SEX":"Female","AGE":"3","LOCATION":"SR82, west bound shoulder.  Was located 382 m west of the junction with Corkscrew Rd.","CAUSE":"Vehicular trauma","YEAR":2018,"Date":"2018-04-03T00:00:00Z","PANTHERID2":" ","MORTID":null,"AGE_UNITS":"Years","COUNTY":"Collier","last_edited_date":"2025-08-22T19:21:02Z"},"geometry":{"type":"Point","coordinates":[-81.520874839046755,26.507608383876235]}},
{"type":"Feature","properties":{"OBJECTID":562,"PANTHERID":"UCFP333","SEX":"Male","AGE":"2.5","LOCATION":"I-75 southbound","CAUSE":"Vehicular trauma","YEAR":2018,"Date":"2018-05-18T00:00:00Z","PANTHERID2":" ","MORTID":null,"AGE_UNITS":"Years","COUNTY":"Collier","last_edited_date":"2025-08-22T19:21:02Z"},"geometry":{"type":"Point","coordinates":[-81.318633492925215,26.154758014469]}},
{"type":"Feature","properties":{"OBJECTID":563,"PANTHERID":"UCFP334","SEX":"Male","AGE":"9","LOCATION":"CR833 0.2km north of CR832","CAUSE":"Vehicular trauma","YEAR":2018,"Date":"2018-06-20T00:00:00Z","PANTHERID2":" ","MORTID":null,"AGE_UNITS":"Months","COUNTY":"Hendry","last_edited_date":"2025-08-22T19:21:02Z"},"geometry":{"type":"Point","coordinates":[-81.127437964393607,26.608346536653087]}},
{"type":"Feature","properties":{"OBJECTID":564,"PANTHERID":"UCFP335","SEX":"Male","AGE":"2","LOCATION":"SR29 3.7 km south of CR858","CAUSE":"Vehicular trauma","YEAR":2018,"Date":"2018-06-25T00:00:00Z","PANTHERID2":" ","MORTID":null,"AGE_UNITS":"Years","COUNTY":"Collier","last_edited_date":"2025-08-22T19:21:02Z"},"geometry":{"type":"Point","coordinates":[-81.342030776009537,26.269451221367419]}},
{"type":"Feature","properties":{"OBJECTID":565,"PANTHERID":"UCFP336","SEX":"Female","AGE":"2","LOCATION":" ","CAUSE":"Unknown","YEAR":2018,"Date":"2018-08-28T00:00:00Z","PANTHERID2":" ","MORTID":null,"AGE_UNITS":"Months","COUNTY":"Collier","last_edited_date":"2025-08-22T19:21:02Z"},"geometry":{"type":"Point","coordinates":[-81.789597572088965,26.170336167808948]}},
{"type":"Feature","properties":{"OBJECTID":566,"PANTHERID":"UCFP337","SEX":"Female","AGE":"5","LOCATION":"County Road 832, 2.4km west of the junction with CR833","CAUSE":"Vehicular trauma","YEAR":2018,"Date":"2018-08-25T00:00:00Z","PANTHERID2":" ","MORTID":null,"AGE_UNITS":"Years","COUNTY":"Hendry","last_edited_date":"2025-08-22T19:21:02Z"},"geometry":{"type":"Point","coordinates":[-81.15148195241666,26.606372693105399]}},
{"type":"Feature","properties":{"OBJECTID":567,"PANTHERID":"UCFP338","SEX":"Female","AGE":"4","LOCATION":"CR846 at the intersection with Wild Turkey Drive.  Northbound lane","CAUSE":"Vehicular trauma","YEAR":2018,"Date":"2018-09-10T00:00:00Z","PANTHERID2":" ","MORTID":null,"AGE_UNITS":"Years","COUNTY":"Collier","last_edited_date":"2025-08-22T19:21:02Z"},"geometry":{"type":"Point","coordinates":[-81.595376586155908,26.351123807537363]}},
{"type":"Feature","properties":{"OBJECTID":568,"PANTHERID":"UCFP339","SEX":"Male","AGE":"5","LOCATION":"SR29, north of Immokalee.  1/3 mi north of SR29/29A intersection.","CAUSE":"Vehicular trauma","YEAR":2018,"Date":"2018-10-07T00:00:00Z","PANTHERID2":" ","MORTID":null,"AGE_UNITS":"Years","COUNTY":"Collier","last_edited_date":"2025-08-22T19:21:02Z"},"geometry":{"type":"Point","coordinates":[-81.434000905914758,26.447142226515712]}},
{"type":"Feature","properties":{"OBJECTID":569,"PANTHERID":"UCFP340","SEX":"Female","AGE":"4","LOCATION":"On CR833, 1/3 mi east of CR846","CAUSE":"Vehicular trauma","YEAR":2018,"Date":"2018-10-10T00:00:00Z","PANTHERID2":" ","MORTID":null,"AGE_UNITS":"Months","COUNTY":"Hendry","last_edited_date":"2025-08-22T19:21:02Z"},"geometry":{"type":"Point","coordinates":[-81.118646141038582,26.459155966253455]}},
{"type":"Feature","properties":{"OBJECTID":570,"PANTHERID":"UCFP341","SEX":"Male","AGE":"4","LOCATION":"On CR833, 1/3 mi east of CR846","CAUSE":"Vehicular trauma","YEAR":2018,"Date":"2018-10-10T00:00:00Z","PANTHERID2":" ","MORTID":null,"AGE_UNITS":"Months","COUNTY":"Hendry","last_edited_date":"2025-08-22T19:21:02Z"},"geometry":{"type":"Point","coordinates":[-81.118646141038582,26.459155966253455]}},
{"type":"Feature","properties":{"OBJECTID":571,"PANTHERID":"UCFP342","SEX":"Male","AGE":"4","LOCATION":"5.1km west of Duck Curve on CR846","CAUSE":"Vehicular trauma","YEAR":2018,"Date":"2018-10-17T00:00:00Z","PANTHERID2":" ","MORTID":null,"AGE_UNITS":"Months","COUNTY":"Hendry","last_edited_date":"2025-08-22T19:21:02Z"},"geometry":{"type":"Point","coordinates":[-81.178176123498361,26.428394577175396]}},
{"type":"Feature","properties":{"OBJECTID":572,"PANTHERID":"UCFP343","SEX":"Male","AGE":"2","LOCATION":"Daniel's Parkway, 4km SW of SR82; just north of Ft Myers International Airport.","CAUSE":"Vehicular trauma","YEAR":2018,"Date":"2018-10-17T00:00:00Z","PANTHERID2":" ","MORTID":null,"AGE_UNITS":"Years","COUNTY":"Lee","last_edited_date":"2025-08-22T19:21:02Z"},"geometry":{"type":"Point","coordinates":[-81.744484054584035,26.559037668857343]}},
{"type":"Feature","properties":{"OBJECTID":573,"PANTHERID":"UCFP344","SEX":"Female","AGE":"9","LOCATION":"Felda.  Church Rd, about 2 mi west of SR29.","CAUSE":"Vehicular trauma","YEAR":2018,"Date":"2018-12-08T00:00:00Z","PANTHERID2":" ","MORTID":null,"AGE_UNITS":"Years","COUNTY":"Collier","last_edited_date":"2025-08-22T19:21:02Z"},"geometry":{"type":"Point","coordinates":[-81.467417007595415,26.557525318542897]}},
{"type":"Feature","properties":{"OBJECTID":574,"PANTHERID":"UCFP345","SEX":"Male","AGE":"4.5","LOCATION":"300 m. North of 14th Av NE along canal to the west of Everglades Blvd.","CAUSE":"Intraspecific aggression","YEAR":2018,"Date":"2018-12-29T00:00:00Z","PANTHERID2":" ","MORTID":null,"AGE_UNITS":"Months","COUNTY":"Collier","last_edited_date":"2025-08-22T19:21:02Z"},"geometry":{"type":"Point","coordinates":[-81.560926667163685,26.258595982177006]}},
{"type":"Feature","properties":{"OBJECTID":575,"PANTHERID":"UCFP346","SEX":"Male","AGE":"3","LOCATION":"Hit in westbound lane of SR80, approx 1.8 km east of the junction with Wellington Pkwy.","CAUSE":"Vehicular trauma","YEAR":2019,"Date":"2019-01-30T00:00:00Z","PANTHERID2":" ","MORTID":null,"AGE_UNITS":"Years","COUNTY":"Hendry","last_edited_date":"2025-08-22T19:21:02Z"},"geometry":{"type":"Point","coordinates":[-81.275969707229336,26.768480831468544]}},
{"type":"Feature","properties":{"OBJECTID":576,"PANTHERID":"UCFP347","SEX":"Female","AGE":"8","LOCATION":"DeSoto Blvd between 4th and 6th Aves SE.  GGE.","CAUSE":"Vehicular trauma","YEAR":2019,"Date":"2019-02-08T00:00:00Z","PANTHERID2":" ","MORTID":null,"AGE_UNITS":"Months","COUNTY":"Collier","last_edited_date":"2025-08-22T19:21:02Z"},"geometry":{"type":"Point","coordinates":[-81.514911738270271,26.222100181601011]}},
{"type":"Feature","properties":{"OBJECTID":577,"PANTHERID":"UCFP348","SEX":"Male","AGE":"9","LOCATION":"Duda Orange Grove 6.8km NNE of Hendry Cty Landfill.  N. of Townsend Canal.","CAUSE":"Intraspecific aggression","YEAR":2019,"Date":"2019-02-11T00:00:00Z","PANTHERID2":" ","MORTID":null,"AGE_UNITS":"Months","COUNTY":"Hendry","last_edited_date":"2025-08-22T19:21:02Z"},"geometry":{"type":"Point","coordinates":[-81.501207424841439,26.635022932963469]}},
{"type":"Feature","properties":{"OBJECTID":578,"PANTHERID":"UCFP349","SEX":"Male","AGE":"2","LOCATION":"GG Blvd approximately 100 ft. E of 7th St SW.","CAUSE":"Vehicular trauma","YEAR":2019,"Date":"2019-02-19T00:00:00Z","PANTHERID2":" ","MORTID":null,"AGE_UNITS":"Years","COUNTY":"Collier","last_edited_date":"2025-08-22T19:21:02Z"},"geometry":{"type":"Point","coordinates":[-81.620155297198991,26.229576282993733]}},
{"type":"Feature","properties":{"OBJECTID":579,"PANTHERID":"UCFP350","SEX":"Male","AGE":"2","LOCATION":"CR846 3.25km west of County Line Rd","CAUSE":"Vehicular trauma","YEAR":2019,"Date":"2019-03-08T00:00:00Z","PANTHERID2":" ","MORTID":null,"AGE_UNITS":"Years","COUNTY":"Collier","last_edited_date":"2025-08-22T19:21:02Z"},"geometry":{"type":"Point","coordinates":[-81.304753472450997,26.422040925012769]}},
{"type":"Feature","properties":{"OBJECTID":580,"PANTHERID":"UCFP351","SEX":"Male","AGE":"7","LOCATION":"SR82, westbound lanes, 390m west of intersection with Corkscrew Road","CAUSE":"Vehicular trauma","YEAR":2019,"Date":"2019-03-24T00:00:00Z","PANTHERID2":" ","MORTID":null,"AGE_UNITS":"Months","COUNTY":"Collier","last_edited_date":"2025-08-22T19:21:02Z"},"geometry":{"type":"Point","coordinates":[-81.521477612504171,26.5077506463278]}},
{"type":"Feature","properties":{"OBJECTID":581,"PANTHERID":"UCFP352","SEX":"Male","AGE":"4","LOCATION":"SR80 west of Labelle.  Hit just east of bridge crossing creek.  Carcass was approx. 820 m west of junction with Murray Rd.","CAUSE":"Vehicular trauma","YEAR":2019,"Date":"2019-03-30T00:00:00Z","PANTHERID2":" ","MORTID":null,"AGE_UNITS":"Years","COUNTY":"Hendry","last_edited_date":"2025-08-22T19:21:02Z"},"geometry":{"type":"Point","coordinates":[-81.503630882445663,26.71332118781757]}},
{"type":"Feature","properties":{"OBJECTID":582,"PANTHERID":"UCFP353","SEX":"Female","AGE":"1.5","LOCATION":"CR846 2 miles W of County Line Rd","CAUSE":"Vehicular trauma","YEAR":2019,"Date":"2019-04-14T00:00:00Z","PANTHERID2":" ","MORTID":null,"AGE_UNITS":"Years","COUNTY":"Collier","last_edited_date":"2025-08-22T19:21:02Z"},"geometry":{"type":"Point","coordinates":[-81.305926367452585,26.421884922683553]}},
{"type":"Feature","properties":{"OBJECTID":583,"PANTHERID":"UCFP354","SEX":"Male","AGE":"5.5","LOCATION":"On CR 833, 3 miles east of CR 846.","CAUSE":"Vehicular trauma","YEAR":2019,"Date":"2019-04-30T00:00:00Z","PANTHERID2":" ","MORTID":null,"AGE_UNITS":"Months","COUNTY":"Hendry","last_edited_date":"2025-08-22T19:21:02Z"},"geometry":{"type":"Point","coordinates":[-81.07683512380089,26.459888854648622]}},
{"type":"Feature","properties":{"OBJECTID":584,"PANTHERID":"UCFP355","SEX":"Male","AGE":"1.8","LOCATION":"SR82 Lehigh to south, preserve to north. Across from Conservation 2020 land - Wild Turkey Strand Preserve","CAUSE":"Vehicular trauma","YEAR":2019,"Date":"2019-05-21T00:00:00Z","PANTHERID2":" ","MORTID":null,"AGE_UNITS":"Years","COUNTY":"Lee","last_edited_date":"2025-08-22T19:21:02Z"},"geometry":{"type":"Point","coordinates":[-81.692570085900769,26.572671042886899]}},
{"type":"Feature","properties":{"OBJECTID":585,"PANTHERID":"UCFP356","SEX":"Female","AGE":"5","LOCATION":"East of Gopher Ridge Rd, 6km east of Immokalee.","CAUSE":"Intraspecific aggression","YEAR":2019,"Date":"2019-06-27T00:00:00Z","PANTHERID2":" ","MORTID":null,"AGE_UNITS":"Years","COUNTY":"Collier","last_edited_date":"2025-08-22T19:21:02Z"},"geometry":{"type":"Point","coordinates":[-81.35480830322318,26.442954535875792]}},
{"type":"Feature","properties":{"OBJECTID":586,"PANTHERID":"UCFP357","SEX":"Female","AGE":"1.5","LOCATION":"Found on south side of SR82 at the junction with Alabama Road.  This is 2.5km east of Wild Turkey Strand Preserve where a similar aged male panther was HBC on 21 May 2019 (UCFP355)","CAUSE":"Vehicular trauma","YEAR":2019,"Date":"2019-07-03T00:00:00Z","PANTHERID2":" ","MORTID":null,"AGE_UNITS":"Years","COUNTY":"Lee","last_edited_date":"2025-08-22T19:21:02Z"},"geometry":{"type":"Point","coordinates":[-81.662471201823251,26.559406466079469]}},
{"type":"Feature","properties":{"OBJECTID":587,"PANTHERID":"UCFP358","SEX":"Female","AGE":"5","LOCATION":"on sidewalk (appears to have been pulled off the road), east bound","CAUSE":"Vehicular trauma","YEAR":2019,"Date":"2019-07-22T00:00:00Z","PANTHERID2":" ","MORTID":null,"AGE_UNITS":"Years","COUNTY":"Collier","last_edited_date":"2025-08-22T19:21:02Z"},"geometry":{"type":"Point","coordinates":[-81.626913621821686,26.229691432920124]}},
{"type":"Feature","properties":{"OBJECTID":588,"PANTHERID":"UCFP359","SEX":"Female","AGE":" ","LOCATION":"Golden gate Blvd, east bound,near 9th ave NW.","CAUSE":"Vehicular trauma","YEAR":2019,"Date":"2019-07-22T00:00:00Z","PANTHERID2":" ","MORTID":null,"AGE_UNITS":"Years","COUNTY":"Collier","last_edited_date":"2025-08-22T19:21:02Z"},"geometry":{"type":"Point","coordinates":[-81.626913621821686,26.229691432920124]}},
{"type":"Feature","properties":{"OBJECTID":589,"PANTHERID":"UCFP360","SEX":"Male","AGE":" ","LOCATION":"Golden Gate Blvd, close to 9th ave NW, east bound","CAUSE":"Vehicular trauma","YEAR":2019,"Date":"2019-07-22T00:00:00Z","PANTHERID2":" ","MORTID":null,"AGE_UNITS":"Years","COUNTY":"Collier","last_edited_date":"2025-08-22T19:21:02Z"},"geometry":{"type":"Point","coordinates":[-81.626913621821686,26.229691432920124]}},
{"type":"Feature","properties":{"OBJECTID":590,"PANTHERID":"UCFP361","SEX":"Female","AGE":"11","LOCATION":"Lehigh Acres. SR82, 300 ft east of Homestead Rd.","CAUSE":"Vehicular trauma","YEAR":2019,"Date":"2019-07-26T00:00:00Z","PANTHERID2":" ","MORTID":null,"AGE_UNITS":"Months","COUNTY":"Lee","last_edited_date":"2025-08-22T19:21:02Z"},"geometry":{"type":"Point","coordinates":[-81.620391828722163,26.532879510719514]}},
{"type":"Feature","properties":{"OBJECTID":591,"PANTHERID":"UCFP362","SEX":"Female","AGE":" ","LOCATION":"CR846, 3 miles west of Duck Curve","CAUSE":"Vehicular trauma","YEAR":2019,"Date":"2019-08-15T00:00:00Z","PANTHERID2":" ","MORTID":null,"AGE_UNITS":"Years","COUNTY":"Hendry","last_edited_date":"2025-08-22T19:21:02Z"},"geometry":{"type":"Point","coordinates":[-81.174996910151535,26.428353356489971]}},
{"type":"Feature","properties":{"OBJECTID":592,"PANTHERID":"UCFP363","SEX":"Female","AGE":"2","LOCATION":"SR80. 10.25 miles east of LaBelle (SR29)","CAUSE":"Vehicular trauma","YEAR":2019,"Date":"2019-09-02T00:00:00Z","PANTHERID2":" ","MORTID":null,"AGE_UNITS":"Years","COUNTY":"Glades","last_edited_date":"2025-08-22T19:21:02Z"},"geometry":{"type":"Point","coordinates":[-81.272207386703428,26.768298502342088]}},
{"type":"Feature","properties":{"OBJECTID":593,"PANTHERID":"UCFP364","SEX":"Female","AGE":"4","LOCATION":"in woods at SW corner of 26th \nAve SE and Everglades Blvd.","CAUSE":"Vehicular trauma","YEAR":2019,"Date":"2019-09-24T00:00:00Z","PANTHERID2":" ","MORTID":null,"AGE_UNITS":"Months","COUNTY":"Collier","last_edited_date":"2025-08-22T19:21:02Z"},"geometry":{"type":"Point","coordinates":[-81.544302212810692,26.183039255183743]}},
{"type":"Feature","properties":{"OBJECTID":594,"PANTHERID":"UCFP365","SEX":"Male","AGE":"2.5","LOCATION":"I75 southbound at mile marker 120","CAUSE":"Vehicular trauma","YEAR":2019,"Date":"2019-10-05T00:00:00Z","PANTHERID2":" ","MORTID":null,"AGE_UNITS":"Years","COUNTY":"Collier","last_edited_date":"2025-08-22T19:21:02Z"},"geometry":{"type":"Point","coordinates":[-81.77301457009186,26.396593706149417]}},
{"type":"Feature","properties":{"OBJECTID":595,"PANTHERID":"UCFP366","SEX":"Male","AGE":"3.5","LOCATION":"Carcass located on east side of SR29; 700m south of the Felda Store.","CAUSE":"Vehicular trauma","YEAR":2019,"Date":"2019-10-31T00:00:00Z","PANTHERID2":" ","MORTID":null,"AGE_UNITS":"Years","COUNTY":"Hendry","last_edited_date":"2025-08-22T19:21:02Z"},"geometry":{"type":"Point","coordinates":[-81.435291901747107,26.53695062498932]}},
{"type":"Feature","properties":{"OBJECTID":596,"PANTHERID":"UCFP367","SEX":"Female","AGE":"4.5","LOCATION":"Orange grove SE of old Hendry County Prison","CAUSE":"Vehicular trauma","YEAR":2019,"Date":"2019-11-01T00:00:00Z","PANTHERID2":" ","MORTID":null,"AGE_UNITS":"Months","COUNTY":"Hendry","last_edited_date":"2025-08-22T19:21:02Z"},"geometry":{"type":"Point","coordinates":[-81.236775748277168,26.291108347981368]}},
{"type":"Feature","properties":{"OBJECTID":597,"PANTHERID":"UCFP368","SEX":"Male","AGE":"3.5","LOCATION":"Hwy 710 (Beeline) about two miles south of Indiantown","CAUSE":"Vehicular trauma","YEAR":2019,"Date":"2019-11-02T00:00:00Z","PANTHERID2":" ","MORTID":null,"AGE_UNITS":"Years","COUNTY":"Martin","last_edited_date":"2025-08-22T19:21:02Z"},"geometry":{"type":"Point","coordinates":[-80.413215139233131,26.984173009908037]}},
{"type":"Feature","properties":{"OBJECTID":598,"PANTHERID":"UCFP369","SEX":"Female","AGE":"2.25","LOCATION":"Owl Hammock Curve in northbound lane of SR29.  At entrance to Harker Pasture on Immokalee Ranch.","CAUSE":"Vehicular trauma","YEAR":2019,"Date":"2019-11-06T00:00:00Z","PANTHERID2":" ","MORTID":null,"AGE_UNITS":"Months","COUNTY":"Collier","last_edited_date":"2025-08-22T19:21:02Z"},"geometry":{"type":"Point","coordinates":[-81.344975418219121,26.36085749741029]}},
{"type":"Feature","properties":{"OBJECTID":599,"PANTHERID":"UCFP370","SEX":"Male","AGE":"2.5","LOCATION":"Church Rd.  2.25 mi north of SR82.","CAUSE":"Vehicular trauma","YEAR":2019,"Date":"2019-11-13T00:00:00Z","PANTHERID2":" ","MORTID":null,"AGE_UNITS":"Years","COUNTY":"Hendry","last_edited_date":"2025-08-22T19:21:02Z"},"geometry":{"type":"Point","coordinates":[-81.531063024959494,26.542973409641824]}},
{"type":"Feature","properties":{"OBJECTID":600,"PANTHERID":"UCFP371","SEX":"Female","AGE":"3.5","LOCATION":"CR832 in Okaloacoochee Slough State Forest","CAUSE":"Vehicular trauma","YEAR":2019,"Date":"2019-11-14T00:00:00Z","PANTHERID2":" ","MORTID":null,"AGE_UNITS":"Months","COUNTY":"Hendry","last_edited_date":"2025-08-22T19:21:02Z"},"geometry":{"type":"Point","coordinates":[-81.321721213212555,26.591354305624421]}},
{"type":"Feature","properties":{"OBJECTID":601,"PANTHERID":"UCFP372","SEX":"Female","AGE":"11","LOCATION":"Carcass located just off pavement of east bound lanes of I75 on right shoulder just west of MM82.5.","CAUSE":"Vehicular trauma","YEAR":2019,"Date":"2019-12-30T00:00:00Z","PANTHERID2":" ","MORTID":null,"AGE_UNITS":"Months","COUNTY":"Collier","last_edited_date":"2025-08-22T19:21:02Z"},"geometry":{"type":"Point","coordinates":[-81.391378012518913,26.153621577373709]}},
{"type":"Feature","properties":{"OBJECTID":602,"PANTHERID":"UCFP373","SEX":"Female","AGE":"2","LOCATION":"Corner of Felda Church Rd and David C. Brown Rd. North of Felda, West of SR29","CAUSE":"Vehicular trauma","YEAR":2020,"Date":"2020-01-02T00:00:00Z","PANTHERID2":" ","MORTID":null,"AGE_UNITS":"Years","COUNTY":"Hendry","last_edited_date":"2025-08-22T19:21:02Z"},"geometry":{"type":"Point","coordinates":[-81.457592544526378,26.558685829587834]}},
{"type":"Feature","properties":{"OBJECTID":603,"PANTHERID":"UCFP374","SEX":"Female","AGE":"3","LOCATION":"SR 29 0.25 miles north of stoplight for Farmworker Village, Immokalee","CAUSE":"Vehicular trauma","YEAR":2020,"Date":"2020-01-09T00:00:00Z","PANTHERID2":" ","MORTID":null,"AGE_UNITS":"Years","COUNTY":"Collier","last_edited_date":"2025-08-22T19:21:02Z"},"geometry":{"type":"Point","coordinates":[-81.396210340859426,26.407189456779061]}},
{"type":"Feature","properties":{"OBJECTID":604,"PANTHERID":"UCFP375","SEX":"Female","AGE":" ","LOCATION":"Hendry County Road 833, ~60 meters south of Dinner Island Cow Pens gate .","CAUSE":"Vehicular trauma","YEAR":2020,"Date":"2020-01-01T00:00:00Z","PANTHERID2":" ","MORTID":null,"AGE_UNITS":"Years","COUNTY":"Hendry","last_edited_date":"2025-08-22T19:21:02Z"},"geometry":{"type":"Point","coordinates":[-81.126890952292683,26.558614657902265]}},
{"type":"Feature","properties":{"OBJECTID":605,"PANTHERID":"UCFP376","SEX":"Male","AGE":"3.5","LOCATION":"970 m south of the South Scenic Highway on east side of the CSX train tracks.  ","CAUSE":"Other","YEAR":2020,"Date":"2020-01-04T00:00:00Z","PANTHERID2":" ","MORTID":null,"AGE_UNITS":"Years","COUNTY":"Polk","last_edited_date":"2025-08-22T19:21:02Z"},"geometry":{"type":"Point","coordinates":[-81.544670384566345,27.673643013162028]}},
{"type":"Feature","properties":{"OBJECTID":606,"PANTHERID":"UCFP377","SEX":"Female","AGE":"1","LOCATION":"SR82 approx 750m from 850 Junction (Corkscrew Rd)","CAUSE":"Vehicular trauma","YEAR":2020,"Date":"2020-01-21T00:00:00Z","PANTHERID2":" ","MORTID":null,"AGE_UNITS":"Years","COUNTY":"Collier","last_edited_date":"2025-08-22T19:21:02Z"},"geometry":{"type":"Point","coordinates":[-81.510556872479469,26.505009207302415]}},
{"type":"Feature","properties":{"OBJECTID":607,"PANTHERID":"UCFP378","SEX":"Male","AGE":"1.75","LOCATION":"Panther was hit right adjacent to an entry into the grove on the north side of SR82.  ","CAUSE":"Vehicular trauma","YEAR":2020,"Date":"2020-01-27T00:00:00Z","PANTHERID2":" ","MORTID":null,"AGE_UNITS":"Years","COUNTY":"Collier","last_edited_date":"2025-08-22T19:21:02Z"},"geometry":{"type":"Point","coordinates":[-81.520372461167838,26.507474782823323]}},
{"type":"Feature","properties":{"OBJECTID":608,"PANTHERID":"UCFP379","SEX":"Male","AGE":"3.5","LOCATION":"CR846 near Dupree Grade","CAUSE":"Vehicular trauma","YEAR":2020,"Date":"2020-02-19T00:00:00Z","PANTHERID2":" ","MORTID":null,"AGE_UNITS":"Years","COUNTY":"Collier","last_edited_date":"2025-08-22T19:21:02Z"},"geometry":{"type":"Point","coordinates":[-81.352428034001704,26.418834353679998]}},
{"type":"Feature","properties":{"OBJECTID":609,"PANTHERID":"UCFP380","SEX":"Male","AGE":" ","LOCATION":"SR29 4 miles SE of Immokalee","CAUSE":"Vehicular trauma","YEAR":2020,"Date":"2020-02-19T00:00:00Z","PANTHERID2":" ","MORTID":null,"AGE_UNITS":"Years","COUNTY":"Collier","last_edited_date":"2025-08-22T19:21:02Z"},"geometry":{"type":"Point","coordinates":[-81.359339475271852,26.374203595144785]}},
{"type":"Feature","properties":{"OBJECTID":610,"PANTHERID":"UCFP381","SEX":"Male","AGE":"3","LOCATION":"SR80 by future C-43 reservoir.","CAUSE":"Vehicular trauma","YEAR":2020,"Date":"2020-03-02T00:00:00Z","PANTHERID2":" ","MORTID":null,"AGE_UNITS":"Years","COUNTY":"Hendry","last_edited_date":"2025-08-22T19:21:02Z"},"geometry":{"type":"Point","coordinates":[-81.501106964552889,26.715506051337805]}},
{"type":"Feature","properties":{"OBJECTID":611,"PANTHERID":"UCFP382","SEX":"Female","AGE":"1.5","LOCATION":"CR846. 3 miles west of County Line Rd (CR858).  Near wildlife underpass.","CAUSE":"Illegal kill","YEAR":2020,"Date":"2020-03-08T00:00:00Z","PANTHERID2":" ","MORTID":null,"AGE_UNITS":"Years","COUNTY":"Collier","last_edited_date":"2025-08-22T19:21:02Z"},"geometry":{"type":"Point","coordinates":[-81.31939785021126,26.419534952110769]}},
{"type":"Feature","properties":{"OBJECTID":612,"PANTHERID":"UCFP383","SEX":"Male","AGE":"2","LOCATION":"East end of White Boulevard, first driveway east of the canal on north side of road.  Located just at the location where White Blvd curves south and turns into 23rd St SW.  Found 14m off the road in brush just east of driveway.","CAUSE":"Vehicular trauma","YEAR":2020,"Date":"2020-05-03T00:00:00Z","PANTHERID2":" ","MORTID":null,"AGE_UNITS":"Years","COUNTY":"Collier","last_edited_date":"2025-08-22T19:21:02Z"},"geometry":{"type":"Point","coordinates":[-81.654351097668012,26.212910221859097]}},
{"type":"Feature","properties":{"OBJECTID":613,"PANTHERID":"UCFP384","SEX":"Male","AGE":"7","LOCATION":"17km east of Labelle on SR80.  South of Long Hammock near bridge over canal that feeds into Caloosahatchee River near Ortona Locks.  Location was 2.5km south of the River.","CAUSE":"Vehicular trauma","YEAR":2020,"Date":"2020-05-11T00:00:00Z","PANTHERID2":" ","MORTID":null,"AGE_UNITS":"Years","COUNTY":"Hendry","last_edited_date":"2025-08-22T19:21:02Z"},"geometry":{"type":"Point","coordinates":[-81.271221636427498,26.768291363358205]}},
{"type":"Feature","properties":{"OBJECTID":614,"PANTHERID":"UCFP385","SEX":"Female","AGE":"1.17","LOCATION":"Southbound lanes of CR951.  Hit approximately 140m north of the junction with The Lords Way.","CAUSE":"Vehicular trauma","YEAR":2020,"Date":"2020-05-30T00:00:00Z","PANTHERID2":" ","MORTID":null,"AGE_UNITS":"Years","COUNTY":"Collier","last_edited_date":"2025-08-22T19:21:02Z"},"geometry":{"type":"Point","coordinates":[-81.687089482607561,26.118302466538402]}},
{"type":"Feature","properties":{"OBJECTID":615,"PANTHERID":"UCFP386","SEX":"Female","AGE":"4","LOCATION":"SR82 and Homestead Rd, just south of Lehigh Acres. Major construction zone. Family group made several crossing/attempts since heavy rains last night. Large waist-high concrete barrier set up inches from the road that panthers were forced to leap over.","CAUSE":"Vehicular trauma","YEAR":2020,"Date":"2020-07-30T00:00:00Z","PANTHERID2":" ","MORTID":null,"AGE_UNITS":"Months","COUNTY":"Lee","last_edited_date":"2025-08-22T19:21:02Z"},"geometry":{"type":"Point","coordinates":[-81.623699344619638,26.533831170661738]}},
{"type":"Feature","properties":{"OBJECTID":616,"PANTHERID":"UCFP387","SEX":"Female","AGE":"3","LOCATION":"CR832 (Keri Rd.), 350m west of the entrance to Wild Cow Grade on OK Slough State Forest","CAUSE":"Vehicular trauma","YEAR":2020,"Date":"2020-08-12T00:00:00Z","PANTHERID2":" ","MORTID":null,"AGE_UNITS":"Years","COUNTY":"Hendry","last_edited_date":"2025-08-22T19:21:02Z"},"geometry":{"type":"Point","coordinates":[-81.303443113181842,26.583773920246408]}},
{"type":"Feature","properties":{"OBJECTID":617,"PANTHERID":"UCFP388","SEX":"Male","AGE":"3.5","LOCATION":"CR846, 5.6km west of County Line Road.  Carcass was located within 10 feet of the west end of the wildlife underpass fencing.","CAUSE":"Vehicular trauma","YEAR":2020,"Date":"2020-09-18T00:00:00Z","PANTHERID2":" ","MORTID":null,"AGE_UNITS":"Years","COUNTY":"Collier","last_edited_date":"2025-08-22T19:21:02Z"},"geometry":{"type":"Point","coordinates":[-81.328061044143723,26.419172231327892]}},
{"type":"Feature","properties":{"OBJECTID":618,"PANTHERID":"UCFP389","SEX":"Male","AGE":"9","LOCATION":"Corkscrew Road, 500m E of TPI Road","CAUSE":"Vehicular trauma","YEAR":2020,"Date":"2020-11-18T00:00:00Z","PANTHERID2":" ","MORTID":null,"AGE_UNITS":"Months","COUNTY":"Lee","last_edited_date":"2025-08-22T19:21:02Z"},"geometry":{"type":"Point","coordinates":[-81.5901106618943,26.450799419144932]}},
{"type":"Feature","properties":{"OBJECTID":619,"PANTHERID":"UCFP390","SEX":"Male","AGE":"2","LOCATION":"SR80 6 mi east of Labelle, bridge of underpass","CAUSE":"Vehicular trauma","YEAR":2020,"Date":"2020-12-01T00:00:00Z","PANTHERID2":" ","MORTID":null,"AGE_UNITS":"Years","COUNTY":"Hendry","last_edited_date":"2025-08-22T19:21:02Z"},"geometry":{"type":"Point","coordinates":[-81.324099696192278,26.768496311437804]}},
{"type":"Feature","properties":{"OBJECTID":620,"PANTHERID":"UCFP391","SEX":"Male","AGE":"2","LOCATION":"I-75, MM97","CAUSE":"Vehicular trauma","YEAR":2020,"Date":"2020-12-25T00:00:00Z","PANTHERID2":" ","MORTID":null,"AGE_UNITS":"Years","COUNTY":"Collier","last_edited_date":"2025-08-22T19:21:02Z"},"geometry":{"type":"Point","coordinates":[-81.617043088252302,26.153851898386645]}},
{"type":"Feature","properties":{"OBJECTID":621,"PANTHERID":"UCFP392","SEX":"Male","AGE":"3","LOCATION":"Oil Well Grade Rd.","CAUSE":"Vehicular trauma","YEAR":2020,"Date":"2020-12-28T00:00:00Z","PANTHERID2":" ","MORTID":null,"AGE_UNITS":"Years","COUNTY":"Collier","last_edited_date":"2025-08-22T19:21:02Z"},"geometry":{"type":"Point","coordinates":[-81.495215591548742,26.317762768609466]}},
{"type":"Feature","properties":{"OBJECTID":622,"PANTHERID":"UCFP393","SEX":"Female","AGE":"3","LOCATION":"Terminal Access Road to RSW, east bound lanes.  Panther pulled itself into woods on south side of road after collision.  Occurred 1km east of Treeline Avenue intersection.","CAUSE":"Vehicular trauma","YEAR":2021,"Date":"2021-01-02T00:00:00Z","PANTHERID2":" ","MORTID":null,"AGE_UNITS":"Years","COUNTY":"Lee","last_edited_date":"2025-08-22T19:21:02Z"},"geometry":{"type":"Point","coordinates":[-81.774486271122157,26.511729925767352]}},
{"type":"Feature","properties":{"OBJECTID":623,"PANTHERID":"UCFP394","SEX":"Female","AGE":"2","LOCATION":"SR29 1km north of CR858","CAUSE":"Vehicular trauma","YEAR":2021,"Date":"2021-01-04T00:00:00Z","PANTHERID2":" ","MORTID":null,"AGE_UNITS":"Years","COUNTY":"Collier","last_edited_date":"2025-08-22T19:21:02Z"},"geometry":{"type":"Point","coordinates":[-81.342871734426581,26.313630063784768]}},
{"type":"Feature","properties":{"OBJECTID":624,"PANTHERID":"UCFP395","SEX":"Male","AGE":"2","LOCATION":"Was located on County Road 74 in Glades County, 3.2km west of the junction with SR29.  Panther was found between the barbed wire fence and shoulder of the road.","CAUSE":"Intraspecific aggression","YEAR":2021,"Date":"2021-01-11T00:00:00Z","PANTHERID2":" ","MORTID":null,"AGE_UNITS":"Years","COUNTY":"Glades","last_edited_date":"2025-08-22T19:21:02Z"},"geometry":{"type":"Point","coordinates":[-81.351331290565341,26.92930461473977]}},
{"type":"Feature","properties":{"OBJECTID":625,"PANTHERID":"UCFP396","SEX":"Male","AGE":"2","LOCATION":"SR82 east of Rod and Gun Club Rd","CAUSE":"Vehicular trauma","YEAR":2021,"Date":"2021-01-21T00:00:00Z","PANTHERID2":" ","MORTID":null,"AGE_UNITS":"Years","COUNTY":"Lee","last_edited_date":"2025-08-22T19:21:02Z"},"geometry":{"type":"Point","coordinates":[-81.694734389641937,26.573581434815083]}},
{"type":"Feature","properties":{"OBJECTID":626,"PANTHERID":"UCFP397","SEX":"Male","AGE":"5","LOCATION":"5.1 km N of Big Cypress SIR Air Field","CAUSE":"Intraspecific aggression","YEAR":2021,"Date":"2021-02-01T00:00:00Z","PANTHERID2":" ","MORTID":null,"AGE_UNITS":"Years","COUNTY":"Hendry","last_edited_date":"2025-08-22T19:21:02Z"},"geometry":{"type":"Point","coordinates":[-80.978511486219091,26.371673184264964]}},
{"type":"Feature","properties":{"OBJECTID":627,"PANTHERID":"UCFP398","SEX":"Female","AGE":"7","LOCATION":"SR82, 950 m SE of Daniels Pkwy, in the new median.","CAUSE":"Vehicular trauma","YEAR":2021,"Date":"2021-02-13T00:00:00Z","PANTHERID2":" ","MORTID":null,"AGE_UNITS":"Years","COUNTY":"Lee","last_edited_date":"2025-08-22T19:21:02Z"},"geometry":{"type":"Point","coordinates":[-81.705113604718591,26.57797256384827]}},
{"type":"Feature","properties":{"OBJECTID":628,"PANTHERID":"UCFP399","SEX":"Male","AGE":"4.5","LOCATION":"SR62 in NW Hardee County.   Located 2.2 km east of the junction with Brewster Rd.","CAUSE":"Vehicular trauma","YEAR":2021,"Date":"2021-03-10T00:00:00Z","PANTHERID2":" ","MORTID":null,"AGE_UNITS":"Years","COUNTY":"Hardee","last_edited_date":"2025-08-22T19:21:02Z"},"geometry":{"type":"Point","coordinates":[-81.922515555334229,27.594830950259055]}},
{"type":"Feature","properties":{"OBJECTID":629,"PANTHERID":"UCFP400","SEX":"Male","AGE":"1.5","LOCATION":"Southbound lanes of I-75 on south shoulder.  Located just east of MM94.","CAUSE":"Vehicular trauma","YEAR":2021,"Date":"2021-03-21T00:00:00Z","PANTHERID2":" ","MORTID":null,"AGE_UNITS":"Years","COUNTY":"Collier","last_edited_date":"2025-08-22T19:21:02Z"},"geometry":{"type":"Point","coordinates":[-81.567143475842698,26.152865157014347]}},
{"type":"Feature","properties":{"OBJECTID":630,"PANTHERID":"UCFP401","SEX":"Female","AGE":"1","LOCATION":"Immokalee Rd. 2.75 mi east of Oil Well Grade Rd","CAUSE":"Vehicular trauma","YEAR":2021,"Date":"2021-04-10T00:00:00Z","PANTHERID2":" ","MORTID":null,"AGE_UNITS":"Years","COUNTY":"Collier","last_edited_date":"2025-08-22T19:21:02Z"},"geometry":{"type":"Point","coordinates":[-81.47752265130319,26.366797388514531]}},
{"type":"Feature","properties":{"OBJECTID":631,"PANTHERID":"UCFP402","SEX":"Female","AGE":"3.5","LOCATION":"CR846, 1km west of County Line Road","CAUSE":"Vehicular trauma","YEAR":2021,"Date":"2021-05-18T00:00:00Z","PANTHERID2":" ","MORTID":null,"AGE_UNITS":"Years","COUNTY":"Collier","last_edited_date":"2025-08-22T19:21:02Z"},"geometry":{"type":"Point","coordinates":[-81.282351559536465,26.422547402210757]}},
{"type":"Feature","properties":{"OBJECTID":632,"PANTHERID":"UCFP403","SEX":"Male","AGE":"1.75","LOCATION":"SR29. 3/4 mile north of US41.","CAUSE":"Vehicular trauma","YEAR":2021,"Date":"2021-05-27T00:00:00Z","PANTHERID2":" ","MORTID":null,"AGE_UNITS":"Years","COUNTY":"Collier","last_edited_date":"2025-08-22T19:21:02Z"},"geometry":{"type":"Point","coordinates":[-81.358829510948979,25.919845950226822]}},
{"type":"Feature","properties":{"OBJECTID":633,"PANTHERID":"UCFP404","SEX":"Female","AGE":"4.5","LOCATION":"Church Rd. just south of Hendry County Landfill.","CAUSE":"Vehicular trauma","YEAR":2021,"Date":"2021-06-03T00:00:00Z","PANTHERID2":" ","MORTID":null,"AGE_UNITS":"Years","COUNTY":"Hendry","last_edited_date":"2025-08-22T19:21:02Z"},"geometry":{"type":"Point","coordinates":[-81.521311879019649,26.55769949689682]}},
{"type":"Feature","properties":{"OBJECTID":634,"PANTHERID":"UCFP405","SEX":"Male","AGE":"2","LOCATION":"SR29, 2miles south of I75","CAUSE":"Vehicular trauma","YEAR":2021,"Date":"2021-06-04T00:00:00Z","PANTHERID2":" ","MORTID":null,"AGE_UNITS":"Years","COUNTY":"Collier","last_edited_date":"2025-08-22T19:21:02Z"},"geometry":{"type":"Point","coordinates":[-81.344820900737275,26.115102931067387]}},
{"type":"Feature","properties":{"OBJECTID":635,"PANTHERID":"UCFP406","SEX":"Male","AGE":"2.5","LOCATION":"Daniels Pkwy 1.5 mi E of I-75","CAUSE":"Vehicular trauma","YEAR":2021,"Date":"2021-07-09T00:00:00Z","PANTHERID2":" ","MORTID":null,"AGE_UNITS":"Years","COUNTY":"Lee","last_edited_date":"2025-08-22T19:21:02Z"},"geometry":{"type":"Point","coordinates":[-81.771107668859003,26.546779594183263]}},
{"type":"Feature","properties":{"OBJECTID":636,"PANTHERID":"UCFP407","SEX":"Female","AGE":"2.5","LOCATION":"Old agricultural fields east of Miller between 110-112th Av, approximately 100m east of Miller.","CAUSE":"Unknown","YEAR":2021,"Date":"2021-08-15T00:00:00Z","PANTHERID2":" ","MORTID":null,"AGE_UNITS":"Years","COUNTY":"Collier","last_edited_date":"2025-08-22T19:21:02Z"},"geometry":{"type":"Point","coordinates":[-81.564991012774399,26.033910279555244]}},
{"type":"Feature","properties":{"OBJECTID":637,"PANTHERID":"UCFP408","SEX":"Male","AGE":"8","LOCATION":"west of junction SR82 and Corkscrew Rd","CAUSE":"Vehicular trauma","YEAR":2021,"Date":"2021-08-25T00:00:00Z","PANTHERID2":" ","MORTID":null,"AGE_UNITS":"Years","COUNTY":"Collier","last_edited_date":"2025-08-22T19:21:02Z"},"geometry":{"type":"Point","coordinates":[-81.525157960062486,26.507159291988003]}},
{"type":"Feature","properties":{"OBJECTID":638,"PANTHERID":"UCFP409","SEX":"Male","AGE":"4.5","LOCATION":"Turner River Road, 5.1km north of Wagon Wheel Rd","CAUSE":"Vehicular trauma","YEAR":2021,"Date":"2021-09-28T00:00:00Z","PANTHERID2":" ","MORTID":null,"AGE_UNITS":"Months","COUNTY":"Collier","last_edited_date":"2025-08-22T19:21:02Z"},"geometry":{"type":"Point","coordinates":[-81.263858048510158,26.040480769739151]}},
{"type":"Feature","properties":{"OBJECTID":639,"PANTHERID":"UCFP410","SEX":"Male","AGE":"3","LOCATION":"SR29.  1 mile south of I-75","CAUSE":"Vehicular trauma","YEAR":2021,"Date":"2021-09-28T00:00:00Z","PANTHERID2":" ","MORTID":null,"AGE_UNITS":"Years","COUNTY":"Collier","last_edited_date":"2025-08-22T19:21:02Z"},"geometry":{"type":"Point","coordinates":[-81.34484366081746,26.139889136196487]}},
{"type":"Feature","properties":{"OBJECTID":640,"PANTHERID":"UCFP411","SEX":"Female","AGE":"11","LOCATION":"Daniels Parkway 1.8km NE of Gateway Blvd","CAUSE":"Vehicular trauma","YEAR":2021,"Date":"2021-09-29T00:00:00Z","PANTHERID2":" ","MORTID":null,"AGE_UNITS":"Years","COUNTY":"Lee","last_edited_date":"2025-08-22T19:21:02Z"},"geometry":{"type":"Point","coordinates":[-81.734412268551196,26.563459832842064]}},
{"type":"Feature","properties":{"OBJECTID":641,"PANTHERID":"UCFP412","SEX":"Male","AGE":"3","LOCATION":"SR80, 1/2 mi west of Townsend Canal Rd (NW corner of future C-43 reservoir).","CAUSE":"Vehicular trauma","YEAR":2021,"Date":"2021-10-16T00:00:00Z","PANTHERID2":" ","MORTID":null,"AGE_UNITS":"Years","COUNTY":"Hendry","last_edited_date":"2025-08-22T19:21:02Z"},"geometry":{"type":"Point","coordinates":[-81.569481747353223,26.709406574554531]}},
{"type":"Feature","properties":{"OBJECTID":642,"PANTHERID":"UCFP413","SEX":"Female","AGE":"4","LOCATION":"Corkscrew Rd., west of Alico Rd.","CAUSE":"Vehicular trauma","YEAR":2021,"Date":"2021-10-30T00:00:00Z","PANTHERID2":" ","MORTID":null,"AGE_UNITS":"Months","COUNTY":"Lee","last_edited_date":"2025-08-22T19:21:02Z"},"geometry":{"type":"Point","coordinates":[-81.710347142542147,26.452690084634529]}},
{"type":"Feature","properties":{"OBJECTID":643,"PANTHERID":"UCFP414","SEX":"Male","AGE":"2.5","LOCATION":"CR951 in southbound lanes.  Located 2km north of intersection with Rattlesnake Hammock Rd.","CAUSE":"Vehicular trauma","YEAR":2022,"Date":"2022-01-03T00:00:00Z","PANTHERID2":" ","MORTID":null,"AGE_UNITS":"Years","COUNTY":"Collier","last_edited_date":"2025-08-22T19:21:02Z"},"geometry":{"type":"Point","coordinates":[-81.687086403690031,26.128036076381058]}},
{"type":"Feature","properties":{"OBJECTID":644,"PANTHERID":"UCFP415","SEX":"Male","AGE":"3","LOCATION":"US27, 1.6 miles SE of SR29 junction","CAUSE":"Vehicular trauma","YEAR":2022,"Date":"2022-01-09T00:00:00Z","PANTHERID2":" ","MORTID":null,"AGE_UNITS":"Years","COUNTY":"Glades","last_edited_date":"2025-08-22T19:21:02Z"},"geometry":{"type":"Point","coordinates":[-81.287818483008166,26.915697821207171]}},
{"type":"Feature","properties":{"OBJECTID":645,"PANTHERID":"UCFP416","SEX":"Male","AGE":"2","LOCATION":"Golden Gate Blvd.  Between 20th and 22nd St SE (1.25 mi west of Everglades Blvd)","CAUSE":"Vehicular trauma","YEAR":2022,"Date":"2022-01-15T00:00:00Z","PANTHERID2":" ","MORTID":null,"AGE_UNITS":"Months","COUNTY":"Collier","last_edited_date":"2025-08-22T19:21:02Z"},"geometry":{"type":"Point","coordinates":[-81.564445065784426,26.230302466663101]}},
{"type":"Feature","properties":{"OBJECTID":646,"PANTHERID":"UCFP417","SEX":"Female","AGE":"3","LOCATION":"Carson Rd, just north of Roy Way in Immokalee","CAUSE":"Vehicular trauma","YEAR":2022,"Date":"2022-01-28T00:00:00Z","PANTHERID2":" ","MORTID":null,"AGE_UNITS":"Years","COUNTY":"Collier","last_edited_date":"2025-08-22T19:21:02Z"},"geometry":{"type":"Point","coordinates":[-81.450300338749102,26.442017423284955]}},
{"type":"Feature","properties":{"OBJECTID":647,"PANTHERID":"UCFP418","SEX":"Male","AGE":"5","LOCATION":"CR832, 260m west of Collins Slough Rd.  Just east of Keri Rd. curve.","CAUSE":"Vehicular trauma","YEAR":2022,"Date":"2022-02-08T00:00:00Z","PANTHERID2":" ","MORTID":null,"AGE_UNITS":"Years","COUNTY":"Hendry","last_edited_date":"2025-08-22T19:21:02Z"},"geometry":{"type":"Point","coordinates":[-81.22810836732242,26.605457888593534]}},
{"type":"Feature","properties":{"OBJECTID":648,"PANTHERID":"UCFP419","SEX":"Female","AGE":"1.5","LOCATION":"Flaghole Rd, 3.9 km ( 2.4 mi)  S of US 27, WSW of Clewiston.","CAUSE":"Vehicular trauma","YEAR":2022,"Date":"2022-02-18T00:00:00Z","PANTHERID2":" ","MORTID":null,"AGE_UNITS":"Years","COUNTY":"Hendry","last_edited_date":"2025-08-22T19:21:02Z"},"geometry":{"type":"Point","coordinates":[-81.064017862571959,26.718317565292406]}},
{"type":"Feature","properties":{"OBJECTID":649,"PANTHERID":"UCFP420","SEX":"Male","AGE":"1.5","LOCATION":"On SR82, 1.2km east of junction with Corkscrew Road.  Panther was hit in east bound lanes.","CAUSE":"Vehicular trauma","YEAR":2022,"Date":"2022-02-28T00:00:00Z","PANTHERID2":" ","MORTID":null,"AGE_UNITS":"Years","COUNTY":"Collier","last_edited_date":"2025-08-22T19:21:02Z"},"geometry":{"type":"Point","coordinates":[-81.506416970916476,26.503786985249729]}},
{"type":"Feature","properties":{"OBJECTID":650,"PANTHERID":"UCFP421","SEX":"Female","AGE":"1.5","LOCATION":"CR833 approximately 1.8km north of the Big Cypress Seminole Indian Reservation","CAUSE":"Vehicular trauma","YEAR":2022,"Date":"2022-03-27T00:00:00Z","PANTHERID2":" ","MORTID":null,"AGE_UNITS":"Years","COUNTY":"Hendry","last_edited_date":"2025-08-22T19:21:02Z"},"geometry":{"type":"Point","coordinates":[-81.013193291686449,26.360947257469512]}},
{"type":"Feature","properties":{"OBJECTID":651,"PANTHERID":"UCFP422","SEX":"Female","AGE":"4","LOCATION":"SR29 Chapparal Slough","CAUSE":"Vehicular trauma","YEAR":2022,"Date":"2022-04-11T00:00:00Z","PANTHERID2":" ","MORTID":null,"AGE_UNITS":"Years","COUNTY":"Glades","last_edited_date":"2025-08-22T19:21:02Z"},"geometry":{"type":"Point","coordinates":[-81.390914516509298,26.837876023486427]}},
{"type":"Feature","properties":{"OBJECTID":652,"PANTHERID":"UCFP423","SEX":"Male","AGE":"2.5","LOCATION":"570 westbound ~100m south of US92","CAUSE":"Vehicular trauma","YEAR":2022,"Date":"2022-04-17T00:00:00Z","PANTHERID2":" ","MORTID":null,"AGE_UNITS":"Years","COUNTY":"Polk","last_edited_date":"2025-08-22T19:21:02Z"},"geometry":{"type":"Point","coordinates":[-81.834658967720372,28.052874620976471]}},
{"type":"Feature","properties":{"OBJECTID":653,"PANTHERID":"UCFP424","SEX":"Female","AGE":"2","LOCATION":"US27 between the bridges over Fisheating Creek","CAUSE":"Vehicular trauma","YEAR":2022,"Date":"2022-05-10T00:00:00Z","PANTHERID2":" ","MORTID":null,"AGE_UNITS":"Years","COUNTY":"Glades","last_edited_date":"2025-08-22T19:21:02Z"},"geometry":{"type":"Point","coordinates":[-81.314673298209925,26.931711456502047]}},
{"type":"Feature","properties":{"OBJECTID":654,"PANTHERID":"UCFP425","SEX":"Female","AGE":"10","LOCATION":"Treeline Ave.  1/2 mile north of Terminal Access Rd","CAUSE":"Vehicular trauma","YEAR":2022,"Date":"2022-05-14T00:00:00Z","PANTHERID2":" ","MORTID":null,"AGE_UNITS":"Months","COUNTY":"Lee","last_edited_date":"2025-08-22T19:21:02Z"},"geometry":{"type":"Point","coordinates":[-81.785737765144447,26.519342795098602]}},
{"type":"Feature","properties":{"OBJECTID":655,"PANTHERID":"UCFP426","SEX":"Male","AGE":"2","LOCATION":"Goggin Road, 765m south (0.5 miles) of SR80; NW corner of Alva Scrub Preserve.","CAUSE":"Vehicular trauma","YEAR":2022,"Date":"2022-05-16T00:00:00Z","PANTHERID2":" ","MORTID":null,"AGE_UNITS":"Years","COUNTY":"Lee","last_edited_date":"2025-08-22T19:21:02Z"},"geometry":{"type":"Point","coordinates":[-81.6311910153658,26.702762311979793]}},
{"type":"Feature","properties":{"OBJECTID":656,"PANTHERID":"UCFP427","SEX":"Male","AGE":"3","LOCATION":"US41 5 miles SE of CR951","CAUSE":"Vehicular trauma","YEAR":2022,"Date":"2022-05-20T00:00:00Z","PANTHERID2":" ","MORTID":null,"AGE_UNITS":"Years","COUNTY":"Collier","last_edited_date":"2025-08-22T19:21:02Z"},"geometry":{"type":"Point","coordinates":[-81.635512781330576,26.022529113120434]}},
{"type":"Feature","properties":{"OBJECTID":657,"PANTHERID":"UCFP428","SEX":"Female","AGE":"4","LOCATION":"Immokalee Rd, 2.02km (1.25 miles) south of Wild Turkey Dr.","CAUSE":"Vehicular trauma","YEAR":2022,"Date":"2022-07-09T00:00:00Z","PANTHERID2":" ","MORTID":null,"AGE_UNITS":"Years","COUNTY":"Collier","last_edited_date":"2025-08-22T19:21:02Z"},"geometry":{"type":"Point","coordinates":[-81.595002504297412,26.334809713509703]}},
{"type":"Feature","properties":{"OBJECTID":658,"PANTHERID":"UCFP429","SEX":"Female","AGE":"8","LOCATION":"CR846 near Bethune Ave.  Just south of Immokalee.","CAUSE":"Vehicular trauma","YEAR":2022,"Date":"2022-07-12T00:00:00Z","PANTHERID2":" ","MORTID":null,"AGE_UNITS":"Years","COUNTY":"Collier","last_edited_date":"2025-08-22T19:21:02Z"},"geometry":{"type":"Point","coordinates":[-81.417105875793936,26.404249742280015]}},
{"type":"Feature","properties":{"OBJECTID":659,"PANTHERID":"UCFP430","SEX":"Female","AGE":"2","LOCATION":"I-75 (Alligator Alley), MM 89.  South bound lane","CAUSE":"Vehicular trauma","YEAR":2022,"Date":"2022-07-21T00:00:00Z","PANTHERID2":" ","MORTID":null,"AGE_UNITS":"Years","COUNTY":"Collier","last_edited_date":"2025-08-22T19:21:02Z"},"geometry":{"type":"Point","coordinates":[-81.484562908833951,26.152968009514556]}},
{"type":"Feature","properties":{"OBJECTID":660,"PANTHERID":"UCFP431","SEX":"Male","AGE":"2","LOCATION":"Intersection of Joel Blvd/Edwards Dr., north of Lehigh Acres near Alva. 1.25 mi south of SR80","CAUSE":"Vehicular trauma","YEAR":2022,"Date":"2022-08-25T00:00:00Z","PANTHERID2":" ","MORTID":null,"AGE_UNITS":"Years","COUNTY":"Lee","last_edited_date":"2025-08-22T19:21:02Z"},"geometry":{"type":"Point","coordinates":[-81.599051160106796,26.690821192962606]}},
{"type":"Feature","properties":{"OBJECTID":661,"PANTHERID":"UCFP432","SEX":"Female","AGE":"2","LOCATION":"CR833 on the Big Cypress Seminole Indian Reservation.  South right-of-way on Josie Billie Highway.  Near the rodeo stadium.","CAUSE":"Vehicular trauma","YEAR":2022,"Date":"2022-09-08T00:00:00Z","PANTHERID2":" ","MORTID":null,"AGE_UNITS":"Years","COUNTY":"Hendry","last_edited_date":"2025-08-22T19:21:02Z"},"geometry":{"type":"Point","coordinates":[-80.960891355033368,26.305944184650812]}},
{"type":"Feature","properties":{"OBJECTID":662,"PANTHERID":"UCFP433","SEX":"Male","AGE":"2.5","LOCATION":"Keri Rd, 3.4km west of CR833","CAUSE":"Vehicular trauma","YEAR":2022,"Date":"2022-10-29T00:00:00Z","PANTHERID2":" ","MORTID":null,"AGE_UNITS":"Years","COUNTY":"Hendry","last_edited_date":"2025-08-22T19:21:02Z"},"geometry":{"type":"Point","coordinates":[-81.161706801451672,26.606162803407923]}},
{"type":"Feature","properties":{"OBJECTID":663,"PANTHERID":"UCFP434","SEX":"Female","AGE":"4","LOCATION":"SR29 at Owl Hammock curve","CAUSE":"Vehicular trauma","YEAR":2022,"Date":"2022-11-13T00:00:00Z","PANTHERID2":" ","MORTID":null,"AGE_UNITS":"Years","COUNTY":"Collier","last_edited_date":"2025-08-22T19:21:02Z"},"geometry":{"type":"Point","coordinates":[-81.344480952322797,26.359730023741712]}},
{"type":"Feature","properties":{"OBJECTID":664,"PANTHERID":"UCFP435","SEX":"Male","AGE":"1.5","LOCATION":"West Keysville Road, 970 m east of junction with Turkey Creek Rd","CAUSE":"Vehicular trauma","YEAR":2022,"Date":"2022-12-01T00:00:00Z","PANTHERID2":" ","MORTID":null,"AGE_UNITS":"Years","COUNTY":"Hillsborough","last_edited_date":"2025-08-22T19:21:02Z"},"geometry":{"type":"Point","coordinates":[-82.160694257728906,27.886353627491943]}},
{"type":"Feature","properties":{"OBJECTID":665,"PANTHERID":"UCFP436","SEX":"Female","AGE":"3","LOCATION":"SR82 & Corkscrew Rd","CAUSE":"Vehicular trauma","YEAR":2022,"Date":"2022-12-07T00:00:00Z","PANTHERID2":" ","MORTID":null,"AGE_UNITS":"Years","COUNTY":"Collier","last_edited_date":"2025-08-22T19:21:02Z"},"geometry":{"type":"Point","coordinates":[-81.519217220009281,26.507217149812767]}},
{"type":"Feature","properties":{"OBJECTID":666,"PANTHERID":"UCFP437","SEX":"Female","AGE":"2.5","LOCATION":"CR846, 660m (0.4 mi) west of Thorpe Rd.","CAUSE":"Vehicular trauma","YEAR":2023,"Date":"2023-01-09T00:00:00Z","PANTHERID2":" ","MORTID":null,"AGE_UNITS":"Years","COUNTY":"Collier","last_edited_date":"2025-08-22T19:21:02Z"},"geometry":{"type":"Point","coordinates":[-81.298597223510527,26.422469257042806]}},
{"type":"Feature","properties":{"OBJECTID":667,"PANTHERID":"UCFP438","SEX":"Female","AGE":"3.5","LOCATION":"Golden Gate Boulevard east of 16th St.","CAUSE":"Vehicular trauma","YEAR":2023,"Date":"2023-01-30T00:00:00Z","PANTHERID2":" ","MORTID":null,"AGE_UNITS":"Years","COUNTY":"Collier","last_edited_date":"2025-08-22T19:21:02Z"},"geometry":{"type":"Point","coordinates":[-81.573375452494275,26.230321294692377]}},
{"type":"Feature","properties":{"OBJECTID":668,"PANTHERID":"UCFP439","SEX":"Male","AGE":"1","LOCATION":"Big Cypress Seminole Indian Reservation.  Josie Billie Highway.  Canal on north side of road with a nearby crossing to cattle pasture to the north.","CAUSE":"Vehicular trauma","YEAR":2023,"Date":"2023-02-26T00:00:00Z","PANTHERID2":" ","MORTID":null,"AGE_UNITS":"Years","COUNTY":"Hendry","last_edited_date":"2025-08-22T19:21:02Z"},"geometry":{"type":"Point","coordinates":[-80.934582526104393,26.30717163753993]}},
{"type":"Feature","properties":{"OBJECTID":669,"PANTHERID":"UCFP440","SEX":"Male","AGE":"4","LOCATION":"Oil Well Rd,. just west of Oil Well Grade","CAUSE":"Vehicular trauma","YEAR":2023,"Date":"2023-05-26T00:00:00Z","PANTHERID2":" ","MORTID":null,"AGE_UNITS":"Years","COUNTY":"Collier","last_edited_date":"2025-08-22T19:21:02Z"},"geometry":{"type":"Point","coordinates":[-81.491947575975061,26.293611673488275]}},
{"type":"Feature","properties":{"OBJECTID":670,"PANTHERID":"UCFP441","SEX":"Female","AGE":"6","LOCATION":"west shoulder of SR29, Sunniland area","CAUSE":"Vehicular trauma","YEAR":2023,"Date":"2023-06-09T00:00:00Z","PANTHERID2":" ","MORTID":null,"AGE_UNITS":"Months","COUNTY":"Collier","last_edited_date":"2025-08-22T19:21:02Z"},"geometry":{"type":"Point","coordinates":[-81.342139484732314,26.268954344049128]}},
{"type":"Feature","properties":{"OBJECTID":671,"PANTHERID":"UCFP442","SEX":"Female","AGE":"3.5","LOCATION":"Approximately 3/4 mile south of Sunniland entrance","CAUSE":"Vehicular trauma","YEAR":2023,"Date":"2023-06-12T00:00:00Z","PANTHERID2":" ","MORTID":null,"AGE_UNITS":"Years","COUNTY":"Collier","last_edited_date":"2025-08-22T19:21:02Z"},"geometry":{"type":"Point","coordinates":[-81.341813095220843,26.256675089822831]}},
{"type":"Feature","properties":{"OBJECTID":672,"PANTHERID":"UCFP443","SEX":"Female","AGE":"2.75","LOCATION":"found on east side of Desoto Blvd. between 10th and 12th Av. NE","CAUSE":"Vehicular trauma","YEAR":2023,"Date":"2023-08-29T00:00:00Z","PANTHERID2":" ","MORTID":null,"AGE_UNITS":"Months","COUNTY":"Collier","last_edited_date":"2025-08-22T19:21:02Z"},"geometry":{"type":"Point","coordinates":[-81.515228297735177,26.250767211238767]}},
{"type":"Feature","properties":{"OBJECTID":673,"PANTHERID":"UCFP444","SEX":"Male","AGE":"2.5","LOCATION":"75N between toll plaza and exit 101","CAUSE":"Vehicular trauma","YEAR":2023,"Date":"2023-09-18T00:00:00Z","PANTHERID2":" ","MORTID":null,"AGE_UNITS":"Years","COUNTY":"Collier","last_edited_date":"2025-08-22T19:21:02Z"},"geometry":{"type":"Point","coordinates":[-81.670152501674764,26.156178889831448]}},
{"type":"Feature","properties":{"OBJECTID":674,"PANTHERID":"UCFP445","SEX":"Male","AGE":"2.5","LOCATION":"Keri Rd, 6.7 km (4.2m) west of CR833.","CAUSE":"Vehicular trauma","YEAR":2023,"Date":"2023-11-06T00:00:00Z","PANTHERID2":" ","MORTID":null,"AGE_UNITS":"Years","COUNTY":"Hendry","last_edited_date":"2025-08-22T19:21:02Z"},"geometry":{"type":"Point","coordinates":[-81.194802293741404,26.605841449329677]}},
{"type":"Feature","properties":{"OBJECTID":675,"PANTHERID":"UCFP446","SEX":"Female","AGE":"4","LOCATION":"CR74, 5k (3.1 miles) west of CR731","CAUSE":"Vehicular trauma","YEAR":2023,"Date":"2023-11-07T00:00:00Z","PANTHERID2":" ","MORTID":null,"AGE_UNITS":"Years","COUNTY":"Glades","last_edited_date":"2025-08-22T19:21:02Z"},"geometry":{"type":"Point","coordinates":[-81.539451551386662,26.944926047204287]}},
{"type":"Feature","properties":{"OBJECTID":676,"PANTHERID":"UCFP447","SEX":"Male","AGE":"2","LOCATION":"Location was 3km south of SR80 on CR833.  Area of intensive agriculture","CAUSE":"Vehicular trauma","YEAR":2023,"Date":"2023-11-12T00:00:00Z","PANTHERID2":" ","MORTID":null,"AGE_UNITS":"Years","COUNTY":"Hendry","last_edited_date":"2025-08-22T19:21:02Z"},"geometry":{"type":"Point","coordinates":[-81.129197427041674,26.725812355554691]}},
{"type":"Feature","properties":{"OBJECTID":677,"PANTHERID":"UCFP448","SEX":"Male","AGE":"4","LOCATION":"Impact occurred in eastbound lanes and carcass ended up in the bike lane.  Was right at the intersection of Richards Rd and Immokalee Rd.","CAUSE":"Vehicular trauma","YEAR":2023,"Date":"2023-11-12T00:00:00Z","PANTHERID2":" ","MORTID":null,"AGE_UNITS":"Years","COUNTY":"Collier","last_edited_date":"2025-08-22T19:21:02Z"},"geometry":{"type":"Point","coordinates":[-81.656750996868624,26.273033718931508]}},
{"type":"Feature","properties":{"OBJECTID":678,"PANTHERID":"UCFP449","SEX":"Male","AGE":"5","LOCATION":"USHwy 27, 1.8 km south SR17","CAUSE":"Vehicular trauma","YEAR":2023,"Date":"2023-11-26T00:00:00Z","PANTHERID2":" ","MORTID":null,"AGE_UNITS":"Years","COUNTY":"Glades","last_edited_date":"2025-08-22T19:21:02Z"},"geometry":{"type":"Point","coordinates":[-81.334482133686635,27.011983814463903]}},
{"type":"Feature","properties":{"OBJECTID":679,"PANTHERID":"UCFP450","SEX":"Male","AGE":"1.5","LOCATION":"Discovered a deceased animal within a rain culvert, partially submerged in water.\n\n\n\n\nDiscovered a deceased animal within a rain culvert, partially submerged in water.\n\nFound male panther deceased within a rain culvert, partially submerged in water.","CAUSE":"Vehicular trauma","YEAR":2024,"Date":"2024-01-09T00:00:00Z","PANTHERID2":" ","MORTID":null,"AGE_UNITS":"Years","COUNTY":"Hendry","last_edited_date":"2025-08-22T19:21:02Z"},"geometry":{"type":"Point","coordinates":[-81.437343654149103,26.777907004768423]}},
{"type":"Feature","properties":{"OBJECTID":680,"PANTHERID":"UCFP451","SEX":"Male","AGE":"4","LOCATION":"CR832.  3.75 mi east of Wild Cow Grade","CAUSE":"Vehicular trauma","YEAR":2024,"Date":"2024-01-11T00:00:00Z","PANTHERID2":" ","MORTID":null,"AGE_UNITS":"Years","COUNTY":"Hendry","last_edited_date":"2025-08-22T19:21:02Z"},"geometry":{"type":"Point","coordinates":[-81.244670833260798,26.605231740233638]}},
{"type":"Feature","properties":{"OBJECTID":681,"PANTHERID":"UCFP452","SEX":"Female","AGE":"2.5","LOCATION":"CR833, 0.75 mile south of Hill Grade Rd","CAUSE":"Vehicular trauma","YEAR":2024,"Date":"2024-01-17T00:00:00Z","PANTHERID2":" ","MORTID":null,"AGE_UNITS":"Years","COUNTY":"Hendry","last_edited_date":"2025-08-22T19:21:02Z"},"geometry":{"type":"Point","coordinates":[-81.126970787085938,26.576392955225014]}},
{"type":"Feature","properties":{"OBJECTID":682,"PANTHERID":"UCFP453","SEX":"Male","AGE":"2.5","LOCATION":"Panther was hit on the railroad bridge that crosses over Fisheasting Creek.","CAUSE":"Other","YEAR":2024,"Date":"2024-02-01T00:00:00Z","PANTHERID2":" ","MORTID":null,"AGE_UNITS":"Years","COUNTY":"Glades","last_edited_date":"2025-08-22T19:21:02Z"},"geometry":{"type":"Point","coordinates":[-81.317235495767278,26.933023896095076]}},
{"type":"Feature","properties":{"OBJECTID":683,"PANTHERID":"UCFP454","SEX":"Female","AGE":"2","LOCATION":"Located about 1.5m from shore, just at the top of the T in the Faka-Union Canal in PSSF.  Had been floating in the canal for at least 2 days.","CAUSE":"Unknown","YEAR":2024,"Date":"2024-03-06T00:00:00Z","PANTHERID2":" ","MORTID":null,"AGE_UNITS":"Years","COUNTY":"Collier","last_edited_date":"2025-08-22T19:21:02Z"},"geometry":{"type":"Point","coordinates":[-81.506795649164459,25.993086456394135]}},
{"type":"Feature","properties":{"OBJECTID":684,"PANTHERID":"UCFP455","SEX":"Female","AGE":"4.5","LOCATION":"East bound lanes of Alligator Alley (I75) on south shoulder.  Just east of Miami Mud Canal underpass. No high fencing on this portion of 75.","CAUSE":"Vehicular trauma","YEAR":2024,"Date":"2024-03-21T00:00:00Z","PANTHERID2":" ","MORTID":null,"AGE_UNITS":"Years","COUNTY":"Broward","last_edited_date":"2025-08-22T19:21:02Z"},"geometry":{"type":"Point","coordinates":[-80.875847316248453,26.172538358528431]}},
{"type":"Feature","properties":{"OBJECTID":685,"PANTHERID":"UCFP456","SEX":"Male","AGE":"2.5","LOCATION":"Panther was found immediately off highway 70 by FWC Officer Brown. Surrounding area is predominantly agriculture.","CAUSE":"Vehicular trauma","YEAR":2024,"Date":"2024-03-31T00:00:00Z","PANTHERID2":" ","MORTID":null,"AGE_UNITS":"Years","COUNTY":"Glades","last_edited_date":"2025-08-22T19:21:02Z"},"geometry":{"type":"Point","coordinates":[-81.159822285146134,27.209660911241244]}},
{"type":"Feature","properties":{"OBJECTID":686,"PANTHERID":"UCFP457","SEX":"Female","AGE":"4.5","LOCATION":"Was reported as injured under guard rail,  found in forest just across canal next to the road.","CAUSE":"Vehicular trauma","YEAR":2024,"Date":"2024-04-02T00:00:00Z","PANTHERID2":" ","MORTID":null,"AGE_UNITS":"Years","COUNTY":"Collier","last_edited_date":"2025-08-22T19:21:02Z"},"geometry":{"type":"Point","coordinates":[-81.493370970322161,26.29384154844405]}},
{"type":"Feature","properties":{"OBJECTID":687,"PANTHERID":"UCFP458","SEX":"Male","AGE":"45355","LOCATION":"Killed on CR833 (Josie Billie Highway, off Seminole Reservation), 7.9 km south of CR835.","CAUSE":"Vehicular trauma","YEAR":2024,"Date":"2024-04-12T00:00:00Z","PANTHERID2":" ","MORTID":null,"AGE_UNITS":"Years","COUNTY":"Hendry","last_edited_date":"2025-08-22T19:21:02Z"},"geometry":{"type":"Point","coordinates":[-81.013454005006906,26.361931439061653]}},
{"type":"Feature","properties":{"OBJECTID":688,"PANTHERID":"UCFP459","SEX":"Male","AGE":"2","LOCATION":"Countyline RD, 1.6 km north of Oilwell Rd","CAUSE":"Vehicular trauma","YEAR":2024,"Date":"2024-04-15T00:00:00Z","PANTHERID2":" ","MORTID":null,"AGE_UNITS":"Years","COUNTY":"Collier","last_edited_date":"2025-08-22T19:21:02Z"},"geometry":{"type":"Point","coordinates":[-81.270303699593256,26.326110328573492]}},
{"type":"Feature","properties":{"OBJECTID":689,"PANTHERID":"UCFP460","SEX":"Male","AGE":"3","LOCATION":"Camp Keais Rd near Anthem Pkwy. Adjacent to citrus grove.","CAUSE":"Vehicular trauma","YEAR":2024,"Date":"2024-04-16T00:00:00Z","PANTHERID2":" ","MORTID":null,"AGE_UNITS":"Years","COUNTY":"Collier","last_edited_date":"2025-08-22T19:21:02Z"},"geometry":{"type":"Point","coordinates":[-81.416677238960034,26.351854293426861]}},
{"type":"Feature","properties":{"OBJECTID":690,"PANTHERID":"UCFP461","SEX":"Male","AGE":"1.5","LOCATION":"Immokalee Road, 700 m west of Wilson Blvd","CAUSE":"Vehicular trauma","YEAR":2024,"Date":"2024-05-04T00:00:00Z","PANTHERID2":" ","MORTID":null,"AGE_UNITS":"Years","COUNTY":"Collier","last_edited_date":"2025-08-22T19:21:02Z"},"geometry":{"type":"Point","coordinates":[-81.615032395678412,26.275773765520082]}},
{"type":"Feature","properties":{"OBJECTID":691,"PANTHERID":"UCFP462","SEX":"Unknown","AGE":" ","LOCATION":"NE Intersection of Alico Rd and Corkscrew Rd","CAUSE":"Unknown","YEAR":2024,"Date":"2024-06-14T00:00:00Z","PANTHERID2":" ","MORTID":null,"AGE_UNITS":" ","COUNTY":"Lee","last_edited_date":"2025-08-22T19:21:02Z"},"geometry":{"type":"Point","coordinates":[-81.701564084751951,26.454954584233331]}}
]
}
